run,group,bits,acc_fp32,acc,delta_pp
r1,CONV,8,0.6344090909090909,0.6344318181818182,0.0022727272727229852
r1,CONV,6,0.6344090909090909,0.6311363636363636,-0.3272727272727316
r1,CONV,4,0.6344090909090909,0.4893181818181818,-14.50909090909091
r1,LSTM,8,0.6344090909090909,0.6342727272727273,-0.013636363636360116
r1,LSTM,6,0.6344090909090909,0.6339545454545454,-0.04545454545454852
r1,LSTM,4,0.6344090909090909,0.6337272727272727,-0.06818181818182278
r1,ATTENTION,8,0.6344090909090909,0.6343181818181818,-0.009090909090914145
r1,ATTENTION,6,0.6344090909090909,0.6339772727272728,-0.043181818181814435
r1,ATTENTION,4,0.6344090909090909,0.6264772727272727,-0.7931818181818207
r1,HEAD,8,0.6344090909090909,0.6343636363636364,-0.004545454545457073
r1,HEAD,6,0.6344090909090909,0.6338181818181818,-0.05909090909090864
r1,HEAD,4,0.6344090909090909,0.6295909090909091,-0.48181818181818326
r1,ALL,8,0.6344090909090909,0.63425,-0.015909090909094203
r1,ALL,6,0.6344090909090909,0.6299772727272728,-0.4431818181818148
r1,ALL,4,0.6344090909090909,0.45020454545454547,-18.420454545454547
r2,CONV,8,0.6390681818181818,0.6390227272727272,-0.004545454545457073
r2,CONV,6,0.6390681818181818,0.6345909090909091,-0.44772727272727186
r2,CONV,4,0.6390681818181818,0.44895454545454544,-19.011363636363637
r2,LSTM,8,0.6390681818181818,0.6390227272727272,-0.004545454545457073
r2,LSTM,6,0.6390681818181818,0.6389090909090909,-0.015909090909094203
r2,LSTM,4,0.6390681818181818,0.63725,-0.181818181818183
r2,ATTENTION,8,0.6390681818181818,0.6386818181818181,-0.038636363636368465
r2,ATTENTION,6,0.6390681818181818,0.6387727272727273,-0.02954545454545432
r2,ATTENTION,4,0.6390681818181818,0.6346590909090909,-0.4409090909090918
r2,HEAD,8,0.6390681818181818,0.63875,-0.031818181818177305
r2,HEAD,6,0.6390681818181818,0.6389772727272728,-0.009090909090903043
r2,HEAD,4,0.6390681818181818,0.6359318181818182,-0.3136363636363604
r2,ALL,8,0.6390681818181818,0.63875,-0.031818181818177305
r2,ALL,6,0.6390681818181818,0.6335,-0.5568181818181861
r2,ALL,4,0.6390681818181818,0.38586363636363635,-25.320454545454545
r3,CONV,8,0.6401818181818182,0.6400454545454546,-0.013636363636360116
r3,CONV,6,0.6401818181818182,0.6380227272727272,-0.21590909090909438
r3,CONV,4,0.6401818181818182,0.3850681818181818,-25.511363636363637
r3,LSTM,8,0.6401818181818182,0.6403409090909091,0.015909090909094203
r3,LSTM,6,0.6401818181818182,0.6403409090909091,0.015909090909094203
r3,LSTM,4,0.6401818181818182,0.6399772727272727,-0.020454545454551276
r3,ATTENTION,8,0.6401818181818182,0.64025,0.006818181818180058
r3,ATTENTION,6,0.6401818181818182,0.6398863636363636,-0.02954545454545432
r3,ATTENTION,4,0.6401818181818182,0.6254545454545455,-1.47272727272727
r3,HEAD,8,0.6401818181818182,0.64025,0.006818181818180058
r3,HEAD,6,0.6401818181818182,0.6396363636363637,-0.054545454545451566
r3,HEAD,4,0.6401818181818182,0.6325454545454545,-0.7636363636363663
r3,ALL,8,0.6401818181818182,0.6399545454545454,-0.02272727272727426
r3,ALL,6,0.6401818181818182,0.6375454545454545,-0.2636363636363659
r3,ALL,4,0.6401818181818182,0.3014090909090909,-33.877272727272725
