SNR,accuracy,n
-20,0.09772727272727273,2200
-18,0.10454545454545454,2200
-16,0.10227272727272728,2200
-14,0.145,2200
-12,0.18545454545454546,2200
-10,0.2540909090909091,2200
-8,0.38,2200
-6,0.5854545454545454,2200
-4,0.7354545454545455,2200
-2,0.8468181818181818,2200
0,0.905,2200
2,0.9231818181818182,2200
4,0.9240909090909091,2200
6,0.9304545454545454,2200
8,0.9254545454545454,2200
10,0.9277272727272727,2200
12,0.9277272727272727,2200
14,0.9336363636363636,2200
16,0.93,2200
18,0.9240909090909091,2200
