w_fp32,w_int8
-0.053693604,-0.053740308
-0.12571913,-0.12601176
0.18459931,0.1853114
-0.030940933,-0.03150294
-0.2353455,-0.2353455
0.13214868,0.1315711
0.062216353,0.06300588
-0.012081449,-0.012971799
0.07508869,0.075977676
0.11585847,0.11674619
0.06913535,0.06856522
-0.20503348,-0.20569566
-0.020063084,-0.020384256
0.0075873546,0.0074124564
-0.081737645,-0.08153702
0.049516324,0.05003408
0.013847727,0.012971799
-0.0360795,-0.035209168
0.23374136,0.23349237
-0.08545351,-0.08524325
-0.013614594,-0.012971799
0.01832019,0.018531142
-0.0953619,-0.09450882
0.015481055,0.014824913
0.03766725,0.037062284
-0.11100664,-0.11118685
-0.010414432,-0.011118685
0.0760005,0.075977676
0.102993995,0.10377439
0.078704365,0.07783079
0.039853077,0.04076851
-0.107890874,-0.107480615
-0.049943764,-0.049048066
-0.057703014,-0.058131043
-0.15996183,-0.15986037
-0.024252499,-0.023615737
-0.013993427,-0.014532761
0.06746788,0.06721402
0.0822397,0.08174678
-0.12273404,-0.123528466
-0.097565316,-0.09809613
-0.16122325,-0.16167696
-0.23070757,-0.23070757
-0.09032991,-0.09082975
0.0038040956,0.0036331902
-0.08198727,-0.08174678
-0.10155484,-0.101729326
-0.05557506,-0.056314446
-0.04610941,-0.045414876
0.094438426,0.094462946
-0.11815975,-0.11807868
-0.14638603,-0.1471442
-0.07061879,-0.070847206
-0.114889264,-0.11444549
-0.13766192,-0.13806123
-0.04242966,-0.041781686
-0.06793211,-0.06721402
-0.20106377,-0.20164205
-0.08057345,-0.079930186
1.934962e-05,0.0
-0.10112432,-0.101729326
-0.039695002,-0.039965093
0.13979298,0.13987783
-0.16089208,-0.16167696
0.016616635,0.016650142
0.08024015,0.08116944
0.068614155,0.068681836
0.10361883,0.10406339
-0.017744146,-0.01873141
0.04628291,0.04578789
-0.06549202,-0.0645193
-0.18382,-0.18315156
-0.08786958,-0.087413244
0.002415793,0.0020812678
-0.002769788,-0.0020812678
0.012270253,0.012487607
-0.034149725,-0.033300284
-0.16046867,-0.16025762
0.00033833933,0.0
-0.032556027,-0.033300284
0.10888739,0.10822593
0.18729468,0.1873141
0.06645931,0.06660057
-0.11368981,-0.11446973
0.264321,0.264321
-0.20612071,-0.20604551
-0.08865318,-0.08949451
0.14504448,0.14568874
0.05735805,0.0582755
-0.01871074,-0.01873141
0.0018685816,0.0020812678
0.014080483,0.014568875
0.029605022,0.02913775
-0.053157862,-0.054112963
0.025214687,0.024975214
-0.06122565,-0.060356766
-0.028738266,-0.02812763
-0.056250297,-0.05625526
-0.04022305,-0.0406288
0.19845606,0.19845606
0.086212166,0.08594554
0.12830916,0.12813698
-0.0025294058,-0.0031252922
-0.17075354,-0.17032842
-0.06357135,-0.06406849
-0.08534644,-0.08594554
-0.036708664,-0.03594086
0.044889394,0.045316737
0.041794237,0.042191446
-0.029257625,-0.029690277
-0.0967762,-0.09688406
-0.109326266,-0.10938523
-0.112608664,-0.11251052
0.16081564,0.16095255
-0.053030483,-0.053129967
-0.19411084,-0.19376811
-0.04594464,-0.045316737
-0.16973895,-0.17032842
0.02950958,0.029690277
0.09799187,0.098446704
0.014998428,0.01562646
-0.06337634,-0.06406849
-0.19197851,-0.19220547
0.07410645,0.07344437
0.12483002,0.12501168
-0.0459256,-0.045316737
0.1042427,0.10469729
-0.09557053,-0.09532142
0.01027305,0.009380121
0.025368974,0.026264336
-0.06878212,-0.06941289
0.0043704365,0.0037520481
-0.066726774,-0.06753687
0.010049144,0.009380121
-0.10623799,-0.10693337
0.15469559,0.15383397
0.09790456,0.09755325
-0.029984796,-0.030016385
0.03388467,0.033768434
-0.085887,-0.08629711
-0.10779455,-0.10693337
0.18626375,0.18572639
0.11497995,0.11443747
-0.07927365,-0.07879301
-0.05251453,-0.052528672
-0.02637484,-0.026264336
-0.23825505,-0.23825505
0.13781643,0.13694976
-0.11935005,-0.12006554
0.07527373,0.075040966
0.10455574,0.105057344
-0.11182386,-0.11256144
0.083169855,0.08254506
0.08515215,0.08442108
0.030270992,0.030016385
0.009106969,0.009380121
0.08778925,0.08817313
-0.002873145,-0.0037520481
-0.12874745,-0.12944566
0.11035358,0.11068542
0.016166057,0.016633218
-0.15419051,-0.15423529
-0.034974515,-0.034778547
-0.05539204,-0.055948097
-0.010110151,-0.010584775
-0.041725863,-0.0423391
0.013234156,0.013608996
-0.15807131,-0.15877162
-0.037146755,-0.037802767
-0.1008365,-0.101311415
0.14137073,0.1406263
0.12065155,0.120968856
0.0039764512,0.004536332
-0.08893898,-0.08921453
-0.16175738,-0.16179584
-0.070992745,-0.0710692
-0.092344515,-0.092238754
0.046232685,0.046875432
0.072545536,0.07258131
-0.1347696,-0.13457786
-0.058139663,-0.057460207
-0.16125281,-0.16179584
-0.043569528,-0.04385121
0.04296397,0.0423391
-0.019049477,-0.019657439
-0.01415513,-0.013608996
-0.10008701,-0.099799305
0.06942484,0.06955709
0.19203806,0.19203806
0.028825738,0.028730104
0.047543757,0.046875432
-0.07910888,-0.078629754
0.19741362,0.19741362
0.10056763,0.10103847
-0.057504866,-0.057514206
0.04646171,0.04663314
0.077822,0.0777219
0.15469436,0.1554438
0.061998144,0.06217752
0.091977485,0.09171184
0.12130601,0.12124617
-0.07580934,-0.076167464
-0.10828016,-0.10881066
0.1169363,0.116582856
0.05732819,0.057514206
0.056195464,0.05595977
0.15387039,0.15388936
0.036131557,0.035752073
0.07797085,0.0777219
0.11531355,0.11502841
-0.058617104,-0.059068646
0.111254506,0.11191954
0.091217585,0.09171184
-0.104202,-0.104147345
0.1618111,0.16166155
0.061488833,0.06217752
0.031057796,0.03108876
-0.10715548,-0.107256226
-0.032344375,-0.0326432
0.11501032,0.11502841
0.03144675,0.03108876
-0.07559982,-0.076167464
0.16713242,0.16787931
0.005914445,0.006217752
-0.04680943,-0.046026096
-0.065964624,-0.06520364
-0.07593553,-0.07671016
-0.046722967,-0.046026096
0.16054207,0.16109133
-0.19213764,-0.1917754
-0.09813641,-0.09780545
-0.12124496,-0.120818496
-0.10141573,-0.10164096
-0.07458242,-0.07479241
-0.020472867,-0.021095293
0.12011119,0.120818496
-0.12718408,-0.12657176
-0.13418451,-0.13424277
-0.11795594,-0.118900746
-0.13970035,-0.13999604
-0.10127084,-0.10164096
-0.032813452,-0.03260182
-0.09645163,-0.0958877
-0.0952006,-0.0958877
-0.10700483,-0.10739422
-0.10572208,-0.10547647
-0.10715036,-0.10739422
0.030775264,0.030684063
-0.24355476,-0.24355476
0.05088796,0.051779356
-0.050178275,-0.049861602
-0.11473744,-0.11506524
-0.069352105,-0.06903914
-0.17782876,-0.17835112
-0.06598942,-0.06520364
-0.0050270846,-0.005753262
0.1335187,0.13305962
0.14055213,0.14066303
-0.04562172,-0.04562044
0.18690117,0.18628347
0.021323724,0.020909369
0.24140817,0.24140817
-0.006453565,-0.005702555
0.011780814,0.01140511
0.08141103,0.081736624
-0.0840878,-0.083637476
-0.13292392,-0.13305962
-0.05874238,-0.058926404
-0.05412638,-0.05322385
0.051306073,0.051322997
0.15641478,0.15586984
0.021700742,0.020909369
-0.011284864,-0.01140511
0.18072751,0.18058091
-0.045757305,-0.04562044
0.0867946,0.08743918
-0.012242612,-0.01140511
-0.18924183,-0.19008517
0.18087727,0.18058091
-0.12445508,-0.12355536
0.16729875,0.16727495
-0.18899319,-0.18818432
-0.13410158,-0.13496047
0.2201473,0.2204988
0.06925635,0.06843066
-0.03864779,-0.038017035
0.09080949,0.09124088
-0.07795037,-0.07793492
0.05058458,0.049635142
0.0472275,0.047271565
0.019809538,0.018908625
-0.06264578,-0.063816614
0.09641635,0.09690671
-0.06591901,-0.06618019
0.30017442,0.30017442
0.080804825,0.08036166
0.02765391,0.028362937
0.02127429,0.021272203
0.11764333,0.11817891
0.2244086,0.22453992
0.25657225,0.25763002
0.029469118,0.028362937
0.0929922,0.09217955
0.12391665,0.12290607
0.050248202,0.049635142
-0.039576504,-0.04018083
-0.121913284,-0.12290607
0.10913766,0.108724594
0.015702412,0.016545048
0.067940116,0.06854377
0.1487562,0.14890543
0.034741174,0.035453673
-0.035235185,-0.035453673
0.097047985,0.09690671
0.07680871,0.0756345
0.039049853,0.04018083
0.025580265,0.02599936
-0.030341433,-0.030726517
0.079965025,0.08036166
0.17281759,0.1725412
0.06093811,0.060705144
-0.16509262,-0.1647711
0.024222571,0.024282057
-0.06878738,-0.0693773
-0.22027294,-0.22027294
0.19404054,0.19425645
0.039843883,0.03989195
-0.08886406,-0.088456064
0.0031809788,0.0034688653
-0.076919265,-0.07631504
0.042575125,0.043360814
-0.09006923,-0.0901905
-0.026696106,-0.02601649
-0.041714944,-0.041626383
-0.13216268,-0.13181688
0.016569287,0.017344326
0.054339845,0.053767413
0.08131933,0.08151834
0.1628691,0.16303667
-0.13761957,-0.13702019
0.07347678,0.072846174
-0.09378444,-0.09365936
-0.013917037,-0.013875461
0.13069026,0.13008244
0.03340466,0.03295422
-0.059508182,-0.05897071
-0.031373043,-0.031219788
0.17645957,0.17691213
0.19881949,0.19945976
0.052884854,0.05203298
0.05028796,0.050298546
-0.10867163,-0.109269254
0.012480838,0.012820845
0.14576964,0.14583711
0.007005367,0.0064104223
0.0016613507,0.0016026056
0.042921912,0.04327035
-0.03309323,-0.033654716
0.0031429578,0.0032052111
0.19185472,0.19231267
0.08902611,0.08974591
0.00936204,0.009615634
-0.094171375,-0.09455373
0.031122025,0.030449506
0.0062169577,0.0064104223
-0.025907286,-0.02564169
0.1586448,0.15865795
0.019539336,0.019231267
0.057070695,0.0576938
-0.036446206,-0.03685993
-0.20353091,-0.20353091
0.18346114,0.18269703
0.011483134,0.011218239
-0.059730526,-0.059296407
0.09710602,0.09775894
-0.0052576936,-0.004807817
0.019243132,0.019231267
-0.04572233,-0.046475563
0.08789849,0.088143304
-0.0924184,-0.09295113
-0.09463344,-0.09455373
-0.06636761,-0.06570683
-0.018960934,-0.019231267
0.08892617,0.088143304
-0.20923476,-0.20923476
-0.10933643,-0.10873617
0.016424526,0.016475178
-0.09156737,-0.092260994
-0.07826753,-0.07908085
-0.16683981,-0.1663993
0.054322653,0.054368086
-0.08817989,-0.08896596
-0.03691609,-0.03624539
0.05318572,0.05272057
0.055995002,0.056015603
-0.097974785,-0.09720355
0.07913904,0.07908085
-0.13231991,-0.13180143
-0.1665018,-0.1663993
-0.036476873,-0.03624539
-0.058507856,-0.05931064
-0.031036485,-0.03130284
0.076340005,0.075785816
-0.06386198,-0.064253196
0.011529744,0.011532624
-0.05038155,-0.051073052
-0.18863185,-0.18781702
0.055898216,0.056015603
0.05241354,0.05272057
0.08860907,0.08896596
0.008393245,0.008237589
-0.12146087,-0.12191632
0.043055803,0.042835463
0.17755198,0.17793192
0.029426819,0.02965532
-0.05177226,-0.051073052
-0.024397891,-0.0247738
-0.11101405,-0.11065631
-0.06400465,-0.064411886
0.1070879,0.107353136
0.20949903,0.20975152
0.013644266,0.013212694
-0.021496646,-0.021470627
-0.07977896,-0.07927616
-0.0016925306,-0.0016515867
0.0055356594,0.00495476
0.0642019,0.064411886
0.08523672,0.08588251
0.06854268,0.06936664
0.130796,0.13047536
-0.024327213,-0.0247738
-0.16371731,-0.16350709
-0.1701589,-0.17011343
-0.03168371,-0.031380147
-0.035753172,-0.03633491
-0.11082929,-0.11065631
-0.20975152,-0.20975152
0.011693498,0.011561107
0.13384327,0.13377853
-0.021157438,-0.021470627
-0.11765917,-0.11726266
0.0030285257,0.0033031735
-0.09948183,-0.0990952
0.00402216,0.0033031735
0.114111595,0.113959484
-0.09877341,-0.0990952
0.044249736,0.044592842
0.07752604,0.077624574
0.06689174,0.066894285
-0.11713914,-0.117065
-0.16279319,-0.16221863
-0.029535765,-0.030102428
-0.05339791,-0.053515427
-0.07266966,-0.07191136
0.1705345,0.17058042
-0.056882605,-0.05686014
-0.04993403,-0.050170712
-0.21238935,-0.21238935
-0.1442621,-0.14382271
-0.053268008,-0.053515427
0.04001081,0.04013657
-0.102288656,-0.10201378
-0.08891267,-0.08863492
0.015895981,0.016723571
-0.10468766,-0.1053585
0.1343758,0.13378857
-0.047493123,-0.046825998
-0.10156485,-0.10201378
-0.030673482,-0.030102428
0.015316262,0.015051214
-0.18809144,-0.18730399
0.017423533,0.016723571
-0.06962934,-0.070239
-0.09048936,-0.09030728
-0.17173563,-0.17225277
-0.11743761,-0.117065
-0.12735814,-0.12709914
0.080990866,0.08027314
0.13803914,0.13880564
-0.10985857,-0.11037557
-0.10727216,-0.10749042
0.07066824,0.07115563
0.067651935,0.06812773
0.1675786,0.16804841
0.103667706,0.102948576
-0.093633614,-0.09386487
-0.043139946,-0.04239059
-0.14189608,-0.14231126
-0.19021696,-0.19075765
0.12886094,0.12868571
0.02699143,0.027251093
0.004788425,0.004541849
-0.044271644,-0.04390454
-0.02582716,-0.025737144
-0.0592387,-0.059044033
0.008803578,0.009083698
0.021418184,0.021195294
-0.013933407,-0.013625546
0.08658017,0.08629513
-0.1922716,-0.1922716
0.09958841,0.099920675
0.053407174,0.052988235
-0.17214414,-0.17259026
0.06899307,0.06964168
-0.04074804,-0.04087664
0.098641336,0.098406725
-0.03728538,-0.03784874
-0.12435242,-0.12414387
-0.026330762,-0.025737144
-0.064480156,-0.065099835
-0.048364628,-0.048446387
-0.030331573,-0.030278992
-0.04560573,-0.045549117
0.061772976,0.06181666
-0.029412445,-0.029281575
0.049592063,0.048802625
0.06078726,0.060189903
0.019010289,0.01952105
0.029076967,0.029281575
-0.14969249,-0.14966139
-0.08287391,-0.082964465
0.019692114,0.01952105
-0.17678729,-0.1773162
-0.0012184159,-0.0016267542
-0.042634226,-0.04229561
-0.12724449,-0.12688683
-0.05622355,-0.0569364
-0.030543728,-0.03090833
0.035048585,0.035788592
0.07827742,0.0780842
0.055007707,0.055309642
-0.12718028,-0.12688683
0.07999278,0.07971095
-0.10122002,-0.10085876
-0.19003491,-0.19033024
0.04205693,0.04229561
-0.09475054,-0.09435174
-0.07934157,-0.07971095
-0.03582473,-0.035788592
-0.06569948,-0.06507017
-0.20659778,-0.20659778
-0.06314693,-0.063443415
0.06826118,0.06832367
-0.104872555,-0.10411227
0.0430323,0.042840585
-0.06956862,-0.06981429
-0.15954337,-0.16025552
-0.078322835,-0.077747725
0.086019434,0.08568117
0.08841026,0.088854544
0.0090168705,0.00952013
0.08720939,0.08726786
-0.0029704142,-0.0031733767
-0.12655659,-0.12693506
-0.07474706,-0.07457435
0.034175277,0.034907144
-0.032037742,-0.031733766
0.17142321,0.17136234
0.021786287,0.022213636
-0.05908636,-0.05870747
-0.20150942,-0.20150942
0.01092658,0.011106818
-0.105107404,-0.10472143
0.029408477,0.030147078
-0.2011279,-0.20150942
0.11292509,0.11265487
0.14154622,0.14121526
-0.022370724,-0.022213636
-0.031108966,-0.031733766
-0.018918866,-0.01904026
-0.0050421446,-0.004760065
0.070511386,0.06981429
-0.02775131,-0.026973702
-0.04878865,-0.04918734
0.030327002,0.030147078
0.06990666,0.06981429
0.062408328,0.06366818
0.07175465,0.07276363
0.012181945,0.013643181
0.038567644,0.036381815
0.114840895,0.11369317
0.060665343,0.05912045
0.5775613,0.5775613
0.07698971,0.07731136
0.04519392,0.045477267
0.020050438,0.018190907
0.025752567,0.027286362
0.09641998,0.095502265
0.5033297,0.5047977
0.09430553,0.095502265
0.04869318,0.050024994
0.18808332,0.1864568
0.03595996,0.036381815
-0.047501322,-0.045477267
-0.003771867,-0.004547727
0.085502945,0.08640681
0.025292415,0.027286362
0.0776797,0.07731136
0.13367179,0.13188408
0.034094706,0.03183409
0.004986778,0.004547727
0.018687988,0.018190907
0.035525594,0.036381815
0.06280888,0.06366818
0.03441511,0.036381815
0.047474314,0.045477267
0.19937202,0.20009997
0.035930943,0.036381815
0.14124702,0.14083661
0.108810276,0.10903479
-0.04788663,-0.047702722
-0.04387602,-0.043159604
0.06981288,0.070418306
-0.048998628,-0.049974278
0.10856285,0.10903479
0.062190272,0.06133207
0.11175171,0.11130635
-0.057359055,-0.056788955
0.040110186,0.04088805
0.28848788,0.28848788
0.0798158,0.079504535
-0.01031345,-0.011357791
0.1344769,0.13402194
0.06848806,0.06814674
0.111617,0.11130635
0.023241952,0.022715582
-0.0771158,-0.07723298
0.14336233,0.14310816
0.076728046,0.07723298
-0.10218383,-0.10222012
0.19026865,0.19081089
0.059473448,0.059060514
0.03206325,0.031801812
-0.0073329182,-0.0068146745
0.0095357485,0.009086233
0.023345627,0.022715582
0.081504524,0.0817761
0.008145881,0.009086233
0.039244164,0.03861649
0.0056203343,0.0045431163
-0.114015035,-0.11474017
-0.04998362,-0.049381845
0.14032257,0.1408835
-0.03171056,-0.03195296
-0.15637034,-0.15685998
0.10594425,0.106025726
-0.04947676,-0.049381845
-0.08433975,-0.08423962
-0.047187865,-0.04647703
0.17051904,0.16993165
0.0993162,0.09876369
0.0692298,0.069715545
-0.07587933,-0.07552517
0.0412833,0.040667403
-0.04471168,-0.045024622
0.04998391,0.049381845
0.1706388,0.16993165
0.023884183,0.023238515
0.17194405,0.17138405
-0.07737437,-0.07697758
0.13162674,0.13216905
-0.011492311,-0.011619258
0.09032688,0.090049244
0.18401134,0.18445572
0.05816312,0.05809629
0.13782722,0.13797869
0.1359146,0.13652627
0.16359943,0.16412202
0.18445572,0.18445572
0.13242918,0.13216905
-0.0448942,-0.045024622
-0.07361555,-0.07407277
-0.017730469,-0.017311752
-0.11760706,-0.118296966
-0.01856923,-0.018754397
-0.01153949,-0.011541167
0.091780566,0.09232934
0.039026976,0.038951438
-0.13044992,-0.12983814
-0.03520119,-0.034623504
-0.025320293,-0.025967626
-0.015431588,-0.015869105
0.080769554,0.08078817
-0.009780642,-0.010098522
-0.0329667,-0.033180855
0.16315404,0.16301899
-0.04544221,-0.044722024
-0.14543673,-0.14570723
-0.111149766,-0.11108374
-0.07833824,-0.077902876
0.022349264,0.021639688
-0.062207464,-0.062033772
-0.18321604,-0.18321604
0.081106044,0.08078817
0.04071046,0.040394086
-0.033397786,-0.033180855
-0.058242913,-0.057705835
0.024384398,0.024524981
0.0023693568,0.0028852918
0.05644032,0.05626319
0.09219524,0.09232934
-0.12230676,-0.122624904
-0.053391244,-0.0533779
0.124608345,0.124067545
-0.13216011,-0.13267542
-0.09636831,-0.09597796
-0.024434635,-0.025405932
-0.0811823,-0.08186356
-0.039133675,-0.03952034
-0.06452889,-0.064926274
-0.27797142,-0.27664238
-0.09480457,-0.09597796
-0.0769152,-0.07621779
0.02147139,0.02258305
-0.059637964,-0.059280507
-0.11376968,-0.112915255
-0.35850593,-0.35850593
-6.387923e-05,-0.0
-0.09988005,-0.098800845
-0.10560979,-0.10444661
-0.065933295,-0.064926274
-0.094418004,-0.093155086
-0.02005074,-0.01976017
-0.13159402,-0.13267542
-0.053883236,-0.053634744
-0.008844353,-0.008468644
-0.14943223,-0.14961271
-0.027803784,-0.028228814
-0.18991287,-0.18913305
0.0072755204,0.008468644
0.004133119,0.0028228813
-0.1238881,-0.12420678
-0.15220581,-0.15243559
-0.14255743,-0.14396694
-0.15226692,-0.15243559
-0.017114649,-0.016937288
0.13414277,0.13345876
0.09032907,0.089701794
0.0020602413,0.0021878486
0.12554401,0.12470737
-0.08726236,-0.08751394
-0.042796828,-0.04375697
-0.27050036,-0.27129322
0.048574414,0.04813267
0.10257819,0.10282888
-0.064530365,-0.06344761
-0.033578668,-0.03281773
-0.064344324,-0.06344761
-0.27785677,-0.27785677
-0.08382847,-0.08313824
0.07014862,0.070011154
-0.03216118,-0.03281773
-0.007113937,-0.0065635457
0.06831162,0.067823306
-0.01313781,-0.013127091
0.093041115,0.09407749
0.060128618,0.05907191
-0.06574366,-0.06563546
-6.402257e-05,-0.0
-0.23189197,-0.23191194
0.14919533,0.1487737
-0.09058153,-0.089701794
-0.1270232,-0.12689522
0.009199326,0.008751394
-0.015084283,-0.01531494
0.09486408,0.09407749
-0.19957186,-0.19909422
-0.004830162,-0.004375697
0.06245176,0.0617879
-0.13254398,-0.13215744
0.07240256,0.07208588
-0.14603825,-0.14588809
-0.040852465,-0.04119193
0.052109983,0.051489916
-0.02201186,-0.022312297
0.10132396,0.1012635
0.11584388,0.114994146
0.008941292,0.008581652
0.118148334,0.11842681
0.06192525,0.0617879
-0.054232486,-0.054922577
0.21797398,0.21797398
-0.03001777,-0.02917762
-0.050531432,-0.049773585
0.005941896,0.0051489915
-0.09258353,-0.09268185
0.017898612,0.017163305
0.015418865,0.015446975
-0.111614145,-0.111561485
0.11534431,0.114994146
0.061630987,0.0617879
0.015157492,0.015446975
-0.027550824,-0.027461288
-0.04045266,-0.04119193
0.029995296,0.02917762
0.08012565,0.08066753
0.09506792,0.09439818
0.075477384,0.07551854
-0.04322924,-0.042908262
0.14671887,0.14588809
-0.11974613,-0.11954663
-0.16712853,-0.16669178
-0.032150913,-0.03199135
0.008211134,0.008418776
0.016155897,0.016837552
-0.05805617,-0.05724768
0.05451862,0.05388017
-0.15697555,-0.15658924
-0.082787,-0.08250401
0.014359621,0.015153797
0.10981024,0.1094441
0.0051861354,0.005051266
0.09930723,0.099341564
-0.116346955,-0.116179116
-0.21383692,-0.21383692
-0.03986788,-0.040410127
-0.10445989,-0.10439283
-0.008041708,-0.008418776
-0.0028191367,-0.0033675106
-0.17265423,-0.17342679
-0.009183264,-0.008418776
-0.104564555,-0.10439283
-0.055134982,-0.055563927
0.045363534,0.045461394
0.014587076,0.015153797
0.05619934,0.055563927
-0.027171856,-0.026940085
-0.026980689,-0.026940085
0.13399407,0.13470042
0.04296957,0.043777637
0.059120435,0.058931436
-0.11519337,-0.11449536
-0.103803456,-0.104263335
0.076705195,0.07645978
0.054716535,0.05386939
0.22069071,0.22069071
0.025650945,0.026065834
-0.13891491,-0.13901778
0.0070456923,0.006950889
-0.10850091,-0.10773878
-0.11850664,-0.118165106
0.06436635,0.064295724
0.040730406,0.03996761
0.020535007,0.020852666
0.024711171,0.02432811
-0.1936963,-0.19288716
-0.032355033,-0.033016723
0.019396825,0.019114945
0.010229737,0.010426333
0.058639627,0.059082553
0.018497877,0.019114945
-0.062195923,-0.062557995
0.13706566,0.13728005
-0.130058,-0.13032916
-0.09557497,-0.09557472
0.062826134,0.062557995
0.054351833,0.05386939
0.10316559,0.10252561
-0.06978685,-0.06950889
-0.11502375,-0.11468966
0.085007325,0.08514839
0.015911413,0.015639499
0.014612714,0.013901778
-0.038154367,-0.03822989
-0.11100069,-0.111575566
0.06691486,0.0674643
0.11897901,0.11935991
0.033017397,0.032434758
-0.026096765,-0.025947805
-0.0947115,-0.09470949
-0.03764881,-0.03762432
-0.000538237,-0.0
-0.0722942,-0.07265386
0.16476858,0.16476858
0.036320757,0.03632693
0.02612445,0.025947805
-0.0075830966,-0.007784342
-0.13299158,-0.1336312
-0.06498011,-0.064869516
0.0068612243,0.0064869514
0.10674205,0.106386006
-0.061182246,-0.060977343
0.04199131,0.04151649
-0.046974305,-0.04670605
0.13562614,0.13622598
-0.017053898,-0.016866075
-0.107279055,-0.1076834
0.08891013,0.08951993
-0.05067959,-0.050598223
0.09710854,0.09730428
0.11053891,0.110278174
-0.13531268,-0.1349286
-0.07294414,-0.07265386
0.012637532,0.012973903
-0.07877534,-0.07914081
0.051807806,0.05189561
0.05552075,0.055742383
0.16249748,0.16338286
-0.029393852,-0.028832268
0.1457892,0.14608349
0.017035382,0.017299362
0.2441132,0.2441132
-0.055535372,-0.055742383
0.027808309,0.026910117
0.039863225,0.040365174
0.011112493,0.011532907
-0.21580419,-0.21528094
-0.11337486,-0.11340692
-0.022565737,-0.023065815
0.1761952,0.1768379
0.18063389,0.18068221
0.015336866,0.0153772095
0.08625867,0.0864968
0.13572437,0.13647273
-0.08651605,-0.0864968
0.043423474,0.044209477
0.03829894,0.038443025
0.056695934,0.055742383
0.09511926,0.09418541
-0.07840482,-0.078808196
0.1093408,0.10956262
-0.15165871,-0.15184994
-0.010561704,-0.009610756
0.18850195,0.18837082
-0.08423791,-0.084574655
-0.115304716,-0.11532907
0.06730206,0.06727529
-0.004027677,-0.0038443024
0.059673145,0.058646824
-0.08647691,-0.086884186
-0.031386297,-0.030409463
0.104524866,0.10426102
-0.030501401,-0.030409463
0.09660953,0.0955726
0.06863614,0.069507346
-0.12168859,-0.12163785
-0.01411189,-0.013032627
-0.16970348,-0.16942416
-0.11245343,-0.11294944
-0.0306292,-0.030409463
0.011296223,0.010860523
-0.06906917,-0.069507346
-0.11538597,-0.11512154
-0.03667448,-0.036925778
-0.0786252,-0.078195766
0.15833572,0.15856363
-0.008792709,-0.008688418
-0.10501428,-0.10426102
-0.032496262,-0.032581568
-0.18963504,-0.1889731
0.019834537,0.019548941
0.014141963,0.015204731
0.03069583,0.030409463
-0.16550481,-0.16507995
-0.27585727,-0.27585727
0.06961733,0.069507346
-0.008130226,-0.008688418
-0.040431425,-0.041269988
0.116763934,0.11729365
-0.10674402,-0.10643312
-0.021987747,-0.021793805
-0.12393958,-0.12422469
0.18436326,0.18524735
-0.14566869,-0.14601849
-0.24948615,-0.24844939
0.0594474,0.058843274
0.02570751,0.026152566
0.028126033,0.028331947
0.14910829,0.14819787
0.12333659,0.12422469
0.14802355,0.14819787
0.002032404,0.0021793805
0.03911222,0.03922885
0.044528607,0.04358761
-0.027778445,-0.028331947
0.06119312,0.061022654
0.025521655,0.026152566
-0.07120261,-0.07191956
0.27678132,0.27678132
0.040119965,0.03922885
0.050632603,0.05012575
-0.028844139,-0.028331947
0.044584252,0.04358761
0.029957708,0.030511327
0.06828662,0.06756079
-0.010712883,-0.0108969025
0.03562711,0.034870088
0.12404626,0.12422469
0.16796349,0.1678123
0.20313929,0.20268239
-0.0780976,-0.0784577
0.04422771,0.04358761
0.2201051,0.2201051
0.12689503,0.1265171
-0.04216082,-0.04159466
-0.05041349,-0.05026022
-0.030901808,-0.031195998
0.17189352,0.17157799
0.037542008,0.038128443
0.1873058,0.18717599
0.10017739,0.10052044
-0.04625677,-0.046793997
-0.18450055,-0.18370977
-0.04598286,-0.046793997
-0.030985923,-0.031195998
0.087045394,0.08665555
0.1660177,0.16637865
0.06559171,0.065858215
0.09857623,0.09878732
0.06936725,0.06932444
-0.0998151,-0.10052044
0.11009214,0.1109191
0.07717185,0.077989995
0.014302775,0.013864888
0.11001482,0.10918599
-0.017772542,-0.01733111
-0.06408136,-0.064125106
-0.05804865,-0.05719266
0.041172393,0.04159466
0.05230382,0.05199333
-0.16554333,-0.16637865
-0.069092475,-0.06932444
0.014629921,0.013864888
0.030200617,0.029462887
