run,SNR,acc_fp32,acc_int8,delta_pp,n_changed,n
r1,-20,0.09772727272727273,0.09681818181818182,-0.0909090909090915,22,2200
r1,-18,0.10454545454545454,0.10227272727272728,-0.22727272727272596,48,2200
r1,-16,0.10227272727272728,0.10363636363636364,0.13636363636363585,47,2200
r1,-14,0.145,0.1459090909090909,0.0909090909090915,49,2200
r1,-12,0.18545454545454546,0.18727272727272729,0.181818181818183,62,2200
r1,-10,0.2540909090909091,0.25545454545454543,0.13636363636363447,49,2200
r1,-8,0.38,0.3740909090909091,-0.5909090909090919,81,2200
r1,-6,0.5854545454545454,0.5818181818181818,-0.363636363636366,50,2200
r1,-4,0.7354545454545455,0.7377272727272727,0.2272727272727204,43,2200
r1,-2,0.8468181818181818,0.8440909090909091,-0.27272727272726893,19,2200
r1,0,0.905,0.9031818181818182,-0.181818181818183,10,2200
r1,2,0.9231818181818182,0.9245454545454546,0.13636363636363447,6,2200
r1,4,0.9240909090909091,0.9236363636363636,-0.04545454545454852,6,2200
r1,6,0.9304545454545454,0.9313636363636364,0.09090909090909705,5,2200
r1,8,0.9254545454545454,0.925,-0.04545454545453742,3,2200
r1,10,0.9277272727272727,0.9286363636363636,0.09090909090908594,5,2200
r1,12,0.9277272727272727,0.93,0.2272727272727315,16,2200
r1,14,0.9336363636363636,0.9331818181818182,-0.04545454545453742,29,2200
r1,16,0.93,0.9281818181818182,-0.181818181818183,43,2200
r1,18,0.9240909090909091,0.9277272727272727,0.363636363636366,50,2200
r2,-20,0.095,0.09818181818181818,0.31818181818181746,29,2200
r2,-18,0.09727272727272727,0.09636363636363636,-0.0909090909090915,31,2200
r2,-16,0.10363636363636364,0.10318181818181818,-0.04545454545454575,28,2200
r2,-14,0.13727272727272727,0.13954545454545456,0.22727272727272874,49,2200
r2,-12,0.19,0.1890909090909091,-0.0909090909090915,47,2200
r2,-10,0.2609090909090909,0.2581818181818182,-0.2727272727272745,62,2200
r2,-8,0.4059090909090909,0.4068181818181818,0.0909090909090915,88,2200
r2,-6,0.5945454545454546,0.5913636363636363,-0.31818181818182856,55,2200
r2,-4,0.740909090909091,0.7381818181818182,-0.27272727272728003,35,2200
r2,-2,0.8581818181818182,0.855909090909091,-0.2272727272727204,21,2200
r2,0,0.9086363636363637,0.9063636363636364,-0.2272727272727315,11,2200
r2,2,0.9277272727272727,0.9277272727272727,0.0,5,2200
r2,4,0.9272727272727272,0.9272727272727272,0.0,7,2200
r2,6,0.9331818181818182,0.9327272727272727,-0.04545454545454852,5,2200
r2,8,0.9309090909090909,0.9304545454545454,-0.04545454545454852,3,2200
r2,10,0.9313636363636364,0.9309090909090909,-0.04545454545454852,2,2200
r2,12,0.9340909090909091,0.9354545454545454,0.13636363636363447,3,2200
r2,14,0.9354545454545454,0.935,-0.04545454545453742,3,2200
r2,16,0.9318181818181818,0.9309090909090909,-0.09090909090908594,3,2200
r2,18,0.9372727272727273,0.9372727272727273,0.0,4,2200
r3,-20,0.09727272727272727,0.09727272727272727,0.0,24,2200
r3,-18,0.09681818181818182,0.09818181818181818,0.13636363636363585,24,2200
r3,-16,0.09954545454545455,0.09863636363636363,-0.0909090909090915,28,2200
r3,-14,0.12681818181818183,0.12727272727272726,0.04545454545454297,41,2200
r3,-12,0.18045454545454545,0.17863636363636365,-0.1818181818181802,43,2200
r3,-10,0.27,0.275,0.5000000000000004,49,2200
r3,-8,0.4159090909090909,0.4168181818181818,0.0909090909090915,66,2200
r3,-6,0.5954545454545455,0.5945454545454546,-0.09090909090908594,57,2200
r3,-4,0.7518181818181818,0.7504545454545455,-0.13636363636363447,18,2200
r3,-2,0.8672727272727273,0.8672727272727273,0.0,17,2200
r3,0,0.9136363636363637,0.9113636363636364,-0.2272727272727315,13,2200
r3,2,0.93,0.9295454545454546,-0.04545454545454852,7,2200
r3,4,0.9254545454545454,0.9245454545454546,-0.09090909090908594,2,2200
r3,6,0.9318181818181818,0.9313636363636364,-0.04545454545453742,2,2200
r3,8,0.9327272727272727,0.9322727272727273,-0.04545454545454852,1,2200
r3,10,0.9322727272727273,0.9322727272727273,0.0,1,2200
r3,12,0.9359090909090909,0.9359090909090909,0.0,4,2200
r3,14,0.9340909090909091,0.935,0.09090909090909705,3,2200
r3,16,0.9318181818181818,0.9313636363636364,-0.04545454545453742,2,2200
r3,18,0.9345454545454546,0.935,0.04545454545454852,3,2200
