SNR,8PSK,BPSK,CPFSK,GFSK,PAM4,QAM16,QAM64,QPSK,AM-DSB,AM-SSB,WBFM
-20,0.02,0.005,0.01,0.02,0.02,0.01,0.005,0.005,0.04,0.91,0.03
-18,0.005,0.01,0.02,0.02,0.02,0.01,0.03,0.0,0.115,0.86,0.06
-16,0.005,0.03,0.01,0.04,0.01,0.015,0.06,0.0,0.065,0.845,0.045
-14,0.0,0.04,0.01,0.02,0.05,0.03,0.28,0.015,0.17,0.88,0.1
-12,0.01,0.035,0.015,0.06,0.115,0.055,0.375,0.005,0.255,0.905,0.21
-10,0.025,0.075,0.08,0.225,0.345,0.06,0.535,0.025,0.32,0.86,0.245
-8,0.085,0.17,0.25,0.455,0.67,0.215,0.575,0.055,0.49,0.85,0.365
-6,0.25,0.51,0.565,0.75,0.945,0.49,0.845,0.13,0.755,0.88,0.32
-4,0.435,0.84,0.86,0.895,0.995,0.695,0.9,0.425,0.82,0.88,0.345
-2,0.695,0.98,0.98,0.94,0.985,0.875,0.95,0.78,0.845,0.88,0.405
0,0.9,0.99,1.0,1.0,0.99,0.955,0.945,0.965,0.905,0.89,0.415
2,0.955,0.985,1.0,1.0,0.99,0.995,0.97,0.995,0.95,0.865,0.45
4,0.98,0.99,1.0,1.0,0.99,0.985,0.955,0.985,0.97,0.895,0.415
6,0.995,0.99,1.0,1.0,0.985,0.98,0.935,0.985,0.995,0.875,0.495
8,0.985,0.995,1.0,1.0,0.98,0.965,0.965,0.98,1.0,0.82,0.49
10,0.995,1.0,1.0,0.995,0.99,0.99,0.96,0.985,0.98,0.86,0.45
12,0.985,0.995,1.0,1.0,0.975,1.0,0.93,0.99,0.975,0.85,0.505
14,0.99,0.985,1.0,1.0,0.995,0.975,0.97,1.0,0.94,0.92,0.495
16,0.99,0.975,1.0,1.0,0.995,0.995,0.955,0.99,0.905,0.87,0.555
18,0.99,0.995,1.0,1.0,0.975,0.975,0.96,0.985,0.825,0.855,0.605
