8PSK,BPSK,CPFSK,GFSK,PAM4,QAM16,QAM64,QPSK,AM-DSB,AM-SSB,WBFM,SNR
0.0,-0.2893995400866163,-0.8396545364331305,0.8396545364331308,0.0,0.0,-1.0206207261596576,0.0,0.4166666666666667,-0.07524115817860752,0.0,-20
0.0,-0.4103049699311091,0.5832118435198044,-1.1106998169600173,-0.8748177652797066,-0.8206099398622182,0.8396545364331308,0.0,1.1200358417204113,-0.3199217950781438,1.343447258293009,-18
-0.8206099398622182,2.025796780606314,-2.721658109136383e-16,-0.20833333333333334,-0.6717236291465045,0.0,-1.426534975036376,0.0,-0.300964632714423,-0.9597653852344228,4.051593561212628,-16
0.0,1.6412198797244366,0.0,-0.7291666666666669,-0.7291666666666665,-0.6537204504606136,0.46536299440621237,0.868198620259849,-0.21997289001185572,0.5025189076296009,7.524388042252025,-14
0.41030496993110915,0.5037927218598786,-0.1307440900921227,0.5907961912673909,-1.69208209640023,-0.3938641275115937,0.6579516949597676,-0.5787990801732326,0.36782483937883104,0.2784635004827316,3.4918995107766477,-12
0.0,-0.35814353956683537,-0.6961587512068249,-0.48882371673784414,-0.7401956568297405,-2.880094526889287,-0.7068989003115017,1.3074409009212267,-1.7232808737106569,-1.3552082262845604,2.857738033247041,-10
0.08953588489170912,-1.9377820464048527,0.8376533899311818,0.28904404865536815,-0.824582322162537,0.8376925609845325,-0.9189338051433824,3.133755971209812,-1.5753150945315126,-0.25125945381480047,0.19552948669513814,-8
-1.4409148550189939,-2.097221027684264,-0.3364315551262466,0.32575409608434697,-1.1965969310295665,0.6943346146982141,-2.5668092117814343,0.31878835653167026,0.8325207214059452,-1.0699012312772784,-2.24887075408402,-6
-2.2525854412553725,-1.5703715863425218,-0.7990417245512427,0.4661076726548886,-0.2893995400866229,0.1404971152725958,-2.273534168956166,1.6632915301447102,0.8497498808507715,-0.6265428760861427,-1.596079641040784,-4
-0.3722903955249724,0.2916059217598991,-0.8206099398622095,0.5266881072502376,0.0,-0.8051319376669454,-1.0459527207369876,2.107456729088934,0.19976043113781067,-2.23839712229272,-0.3839218721700541,-2
0.2927752500606981,-1.366590074206949e-14,0.0,0.2051524849655592,-1.366590074206949e-14,-0.2083333333333311,-1.4359163172354847,0.10416666666666208,0.8353905014481949,-1.0400332815975282,-0.5772324786611753,0
-2.051524849655551,0.0,0.0,0.0,-1.366590074206949e-14,0.0,-1.166423687039606,0.0,0.49233015938949076,-0.9985744825254628,-0.4501774085765639,2
-0.5037927218598787,-1.366590074206949e-14,0.0,0.0,-0.2051524849655592,0.0,-0.8376178517206894,-0.8206099398622095,0.9572775448236565,-1.2892765578234866,0.12500000000000014,4
-0.2893995400866229,-0.2051524849655592,0.0,0.0,0.0,-0.6154574548966639,-0.1873171623163368,0.0,0.0,-0.2663472415170824,0.0,6
0.0,-0.2893995400866229,0.0,0.0,0.0,-0.11965969310295108,-0.2916059217599088,-0.33586181457325986,0.0,-1.331736207585403,0.0,8
0.0,0.0,0.0,0.0,-1.366590074206949e-14,0.5037927218598898,-0.23931938620591012,-0.2051524849655592,0.0,0.17920111019015697,0.12336594280495676,10
-0.16793090728662993,0.20515248496554553,0.0,0.8681986202598494,0.0,0.5787990801732458,-0.2953980956336892,-1.366590074206949e-14,0.0,-1.0442381268102379,0.08165374088188951,12
-1.366590074206949e-14,0.0,0.0,0.0,0.0,-1.0257624248277823,0.4442799267840096,0.0,0.0,0.0774984258292095,0.5367960903599659,14
-1.366590074206949e-14,0.0,0.0,0.0,-0.2893995400866229,-0.2893995400866229,-0.23931938620591012,-1.366590074206949e-14,0.0,-1.1412279800291036,0.8616404368553299,16
-0.5787990801732458,0.0,0.0,0.0,-0.33586181457325986,-1.0075854437197573,-0.39223227027635943,-0.6154574548966639,0.0,-1.8599622199011054,1.1440107883060755,18
