layer,group,channels,tensor_range,median_channel_range,widest_channel_range,narrowest_channel_range,imbalance,levels_median_channel_4bit
m.patch_embedIQ.0,STEM,2,7.418056488037109,7.141862869262695,7.251689910888672,7.0320353507995605,1.0153779264089,15.404278208514969
m.patch_embedSTFT.0,STEM,1,4.461759567260742,4.461759567260742,4.461759567260742,4.461759567260742,1.0,16.0
m.fusion.Conv.0,FUSION,16,10.571669578552246,5.46587610244751,10.571669578552246,2.818169593811035,1.934121699871401,8.272488748284989
m.fusion.Conv.3,FUSION,32,5.341917514801025,3.0494937896728516,5.341917514801025,1.8062578439712524,1.7517391026968132,9.133780238945343
m.network.0.0.dwconv,CONVENC,64,1.849550724029541,1.1099717617034912,1.6365574598312378,0.32209545373916626,1.4744135988825402,9.602087661896535
m.network.0.0.pwconv1,CONVENC,64,7.861983299255371,2.610238552093506,5.561712741851807,0.0003109603130724281,2.130729675029553,5.312122303471651
m.network.0.0.pwconv2,CONVENC,256,4.1921796798706055,1.5070767402648926,4.1921796798706055,0.0,2.781663048647253,5.751954755188965
m.network.0.1.local_representation.dwconv,LOCAL,64,14.84797477722168,5.028369903564453,9.668996810913086,1.832899570465088,1.9228889274949796,5.418511255855299
m.network.0.1.local_representation.pwconv1,LOCAL,64,11.80656623840332,4.99864387512207,11.349556922912598,0.0075484374538064,2.2705272082691494,6.7740527082130795
m.network.0.1.local_representation.pwconv2,LOCAL,64,8.227293014526367,2.2496886253356934,8.227293014526367,0.0,3.6570807719218075,4.375074273131777
m.network.0.1.attn.to_query,ATTN,64,16.497896194458008,6.350408554077148,10.680174827575684,2.5424766540527344,1.681809089388225,6.158757193499991
m.network.0.1.attn.to_key,ATTN,64,16.497896194458008,6.350408554077148,10.680174827575684,2.5424766540527344,1.681809089388225,6.158757193499991
m.network.0.1.attn.Proj,ATTN,64,1.6682279109954834,0.34997642040252686,1.4191670417785645,0.03502381965517998,4.055036165425955,3.3566293247659194
m.network.0.1.attn.final,ATTN,64,1.6551971435546875,0.9082142114639282,1.5113872289657593,0.46208029985427856,1.6641307853238623,8.779272873934087
m.network.0.1.linear.fc1,FFN,64,10.276891708374023,5.74415922164917,7.568896293640137,3.8543903827667236,1.3176682611989083,8.9430296780784
m.network.0.1.linear.fc2,FFN,256,7.543185710906982,2.255585193634033,7.543185710906982,0.0,3.344225583762569,4.784366245412934
m.network.1.0.dwconv,CONVENC,64,27.585107803344727,11.61918830871582,21.53635025024414,6.190046310424805,1.8535158978436754,6.739397731007297
m.network.1.0.pwconv1,CONVENC,64,16.473533630371094,6.549750804901123,13.409097671508789,0.4716818332672119,2.047268372634097,6.361477460137207
m.network.1.0.pwconv2,CONVENC,256,6.790860652923584,2.86850643157959,6.790860652923584,0.6509627103805542,2.367385541884278,6.758510482101317
m.network.1.1.dwconv,CONVENC,64,32.42619705200195,14.35177230834961,21.97852325439453,8.91973876953125,1.5314152692910137,7.081569157349483
m.network.1.1.pwconv1,CONVENC,64,17.357227325439453,7.372564315795898,16.055179595947266,1.5760087966918945,2.1776927142634284,6.796075596696595
m.network.1.1.pwconv2,CONVENC,256,8.36558723449707,3.4987411499023438,8.36558723449707,1.205268144607544,2.3910277657238432,6.6916830617214815
m.network.1.2.local_representation.dwconv,LOCAL,64,44.02564239501953,18.934703826904297,30.365615844726562,10.493746757507324,1.6037016539746503,6.881336529111976
m.network.1.2.local_representation.pwconv1,LOCAL,64,23.095216751098633,9.623870849609375,19.05313491821289,2.7686405181884766,1.9797787414184014,6.667265142095933
m.network.1.2.local_representation.pwconv2,LOCAL,64,10.65417766571045,5.509167194366455,10.65417766571045,1.5116603374481201,1.9338998599652524,8.27343769510769
m.network.1.2.attn.to_query,ATTN,64,59.35315704345703,20.471115112304688,44.729774475097656,12.175101280212402,2.1850189513228657,5.5184569467308915
m.network.1.2.attn.to_key,ATTN,64,59.35315704345703,20.471115112304688,44.729774475097656,12.175101280212402,2.1850189513228657,5.5184569467308915
m.network.1.2.attn.Proj,ATTN,64,3.6111536026000977,0.5592257976531982,3.4226927757263184,0.07043895125389099,6.120412881683417,2.477771301671777
m.network.1.2.attn.final,ATTN,64,2.684143304824829,1.5822443962097168,2.5174808502197266,1.1366147994995117,1.5910821717873538,9.4316537771472
m.network.1.2.linear.fc1,FFN,64,18.7349853515625,7.559511661529541,13.803933143615723,3.996861457824707,1.826035035287283,6.455953090691113
m.network.1.2.linear.fc2,FFN,256,9.603384971618652,2.5261712074279785,9.603384971618652,0.1168552041053772,3.8015574492262303,4.208801317275014
m.network.2.0.dwconv,CONVENC,64,74.26091003417969,26.275484085083008,57.13933181762695,13.528627395629883,2.1746252755078954,5.661225336019034
m.network.2.0.pwconv1,CONVENC,64,24.301734924316406,8.153484344482422,15.987557411193848,1.7215718030929565,1.9608251804656807,5.368166096700538
m.network.2.0.pwconv2,CONVENC,256,8.95924186706543,2.802840232849121,8.95924186706543,0.019641146063804626,3.196486821497582,5.0054953746075075
m.network.2.1.local_representation.dwconv,LOCAL,64,90.54852294921875,28.678239822387695,61.725830078125,14.323841094970703,2.152357692118143,5.067469045470079
m.network.2.1.local_representation.pwconv1,LOCAL,64,32.937782287597656,8.720484733581543,25.149608612060547,3.0353074073791504,2.8839691118559516,4.236100491496729
m.network.2.1.local_representation.pwconv2,LOCAL,64,12.49190616607666,4.425122261047363,12.49190616607666,0.8177365064620972,2.8229516449834775,5.667826449819917
m.network.2.1.attn.to_query,ATTN,64,120.34001159667969,32.65216064453125,71.63409423828125,14.689496040344238,2.1938546431315227,4.341320591387698
m.network.2.1.attn.to_key,ATTN,64,120.34001159667969,32.65216064453125,71.63409423828125,14.689496040344238,2.1938546431315227,4.341320591387698
m.network.2.1.attn.Proj,ATTN,64,4.76804256439209,0.6737456917762756,4.260260581970215,0.09740984439849854,6.323247234039278,2.2608714001266086
m.network.2.1.attn.final,ATTN,64,4.336460113525391,2.466310977935791,3.9529004096984863,1.2043116092681885,1.6027583078784795,9.099812892062383
m.network.2.1.linear.fc1,FFN,64,32.61603927612305,10.198600769042969,22.894624710083008,4.7418012619018555,2.2448790013996622,5.002986749042321
m.network.2.1.linear.fc2,FFN,256,17.641565322875977,6.159152984619141,17.641565322875977,0.45201048254966736,2.864284320738766,5.586037630465828
m.head,HEAD,64,11.204914093017578,4.99298095703125,7.752346992492676,3.3920342922210693,1.552649020536642,7.129701722772028
