spec,test,n,acc_mean,change_pp,sd_models,min_pp,max_pp
all=W4A4,whole: min-max,3,31.012878787878787,-32.71515151515152,3.300370419147108,-36.43181818181818,-30.12727272727273
all=W4A4,whole: clip 99.99,3,56.61363636363637,-7.114393939393941,2.1196472853578934,-9.55454545454546,-5.729545454545448
all=W4A4,whole: clip 99.9,3,60.6469696969697,-3.0810606060606074,0.4419991991067623,-3.577272727272729,-2.7295454545454567
all=W4A4,whole: clip 99,3,58.547727272727265,-5.1803030303030315,1.3799672362062652,-6.579545454545455,-3.8204545454545435
all=W32A4,whole: min-max,3,33.58409090909091,-30.143939393939394,3.3929933069882736,-34.054545454545455,-27.98181818181818
all=W32A4,whole: clip 99.99,3,58.35378787878788,-5.374242424242426,1.49735533616935,-6.490909090909092,-3.672727272727272
all=W32A4,whole: clip 99.9,3,61.23560606060605,-2.4924242424242404,0.8780799787239286,-3.484090909090909,-1.8136363636363617
all=W32A4,whole: clip 99,3,58.83409090909091,-4.893939393939392,2.1199287243073197,-7.227272727272727,-3.0863636363636315
FUSION=W32A4,fusion only: min-max (= Step 5),3,62.85227272727273,-0.8757575757575742,0.3198118420650978,-1.2409090909090925,-0.645454545454538
FUSION=W32A4,fusion only: clip 99.9,3,63.580303030303035,-0.1477272727272716,0.07161796025722539,-0.22045454545455145,-0.07727272727272583
FUSION=W32A4,fusion only: clip 99,3,63.34015151515152,-0.3878787878787889,0.13869844610942145,-0.5409090909090919,-0.27045454545454595
FUSION=W32A4,fusion only: one scale per branch,3,62.973484848484844,-0.7545454545454559,0.24402995683872855,-1.0340909090909123,-0.5840909090909063
FUSION=W32A4,fusion only: one scale per channel,3,63.42196969696969,-0.3060606060606097,0.12597416543929907,-0.4431818181818259,-0.1954545454545431
all=W32A4,whole: one scale per fusion branch,3,33.64393939393939,-30.084090909090907,2.809477944799364,-33.32727272727273,-28.39545454545454
all=W4A4,whole: one scale per fusion branch,3,30.764393939393944,-32.96363636363636,2.823598167510781,-36.168181818181814,-30.84090909090909
all=W32A4,whole: one scale per channel (upper bound),3,60.56666666666666,-3.161363636363635,0.4689920174125516,-3.4545454545454546,-2.6204545454545425
