run,spec,overall,macro_f1,delta_pp,changed,worse,better,mcnemar_p,weight_MB,per_snr,delta_per_snr
runs/iqformer_s1,FP32,0.6343863636363636,0.6564535953254628,0.0,0,0,0,1.0,1.420196,"{""-20"": 0.09772727272727273, ""-18"": 0.10454545454545454, ""-16"": 0.10227272727272728, ""-14"": 0.145, ""-12"": 0.18545454545454546, ""-10"": 0.2540909090909091, ""-8"": 0.3795454545454545, ""-6"": 0.5854545454545454, ""-4"": 0.7354545454545455, ""-2"": 0.8468181818181818, ""0"": 0.905, ""2"": 0.9231818181818182, ""4"": 0.9240909090909091, ""6"": 0.9304545454545454, ""8"": 0.9254545454545454, ""10"": 0.9277272727272727, ""12"": 0.9277272727272727, ""14"": 0.9336363636363636, ""16"": 0.9304545454545454, ""18"": 0.9236363636363636}",
runs/iqformer_s1,all=W4A4,0.5839545454545455,0.5889619942446385,-5.043181818181807,11146,3787,1568,6.2482473757625515e-208,0.218444,"{""-20"": 0.1040909090909091, ""-18"": 0.10136363636363636, ""-16"": 0.115, ""-14"": 0.1590909090909091, ""-12"": 0.19272727272727272, ""-10"": 0.2640909090909091, ""-8"": 0.33954545454545454, ""-6"": 0.4868181818181818, ""-4"": 0.6395454545454545, ""-2"": 0.7459090909090909, ""0"": 0.8222727272727273, ""2"": 0.8368181818181818, ""4"": 0.8463636363636363, ""6"": 0.865909090909091, ""8"": 0.8581818181818182, ""10"": 0.8622727272727273, ""12"": 0.8581818181818182, ""14"": 0.860909090909091, ""16"": 0.8640909090909091, ""18"": 0.855909090909091}","{""-20"": 0.6363636363636362, ""-18"": -0.31818181818181746, ""-16"": 1.2727272727272725, ""-14"": 1.4090909090909098, ""-12"": 0.7272727272727264, ""-10"": 1.0000000000000009, ""-8"": -3.9999999999999982, ""-6"": -9.863636363636363, ""-4"": -9.590909090909093, ""-2"": -10.090909090909095, ""0"": -8.272727272727277, ""2"": -8.636363636363642, ""4"": -7.772727272727275, ""6"": -6.454545454545446, ""8"": -6.727272727272727, ""10"": -6.545454545454543, ""12"": -6.954545454545458, ""14"": -7.2727272727272645, ""16"": -6.63636363636363, ""18"": -6.772727272727264}"
runs/iqformer_s1,"all=W4A4,STEM=W4A8,HEAD=W4A8",0.5911363636363637,0.5979625894637906,-4.32499999999999,9583,3262,1359,1.9954409084481654e-177,0.218444,"{""-20"": 0.10863636363636364, ""-18"": 0.11045454545454546, ""-16"": 0.12136363636363637, ""-14"": 0.17136363636363636, ""-12"": 0.205, ""-10"": 0.2636363636363636, ""-8"": 0.3477272727272727, ""-6"": 0.5036363636363637, ""-4"": 0.65, ""-2"": 0.7618181818181818, ""0"": 0.8195454545454546, ""2"": 0.8481818181818181, ""4"": 0.8545454545454545, ""6"": 0.8654545454545455, ""8"": 0.8563636363636363, ""10"": 0.8690909090909091, ""12"": 0.865, ""14"": 0.8722727272727273, ""16"": 0.865909090909091, ""18"": 0.8627272727272727}","{""-20"": 1.090909090909091, ""-18"": 0.5909090909090919, ""-16"": 1.909090909090909, ""-14"": 2.6363636363636367, ""-12"": 1.9545454545454533, ""-10"": 0.9545454545454524, ""-8"": -3.18181818181818, ""-6"": -8.18181818181818, ""-4"": -8.545454545454545, ""-2"": -8.499999999999996, ""0"": -8.545454545454545, ""2"": -7.500000000000007, ""4"": -6.954545454545458, ""6"": -6.499999999999995, ""8"": -6.909090909090909, ""10"": -5.86363636363636, ""12"": -6.272727272727274, ""14"": -6.136363636363629, ""16"": -6.454545454545446, ""18"": -6.090909090909092}"
runs/iqformer_s1,"all=W4A4,FUSION=W4A8",0.5885227272727273,0.5923174686300684,-4.586363636363632,11417,3532,1514,2.4370689277217274e-182,0.218444,"{""-20"": 0.10772727272727273, ""-18"": 0.10636363636363637, ""-16"": 0.12272727272727273, ""-14"": 0.15636363636363637, ""-12"": 0.19318181818181818, ""-10"": 0.25045454545454543, ""-8"": 0.33045454545454545, ""-6"": 0.48818181818181816, ""-4"": 0.6463636363636364, ""-2"": 0.7540909090909091, ""0"": 0.8318181818181818, ""2"": 0.8622727272727273, ""4"": 0.86, ""6"": 0.8754545454545455, ""8"": 0.87, ""10"": 0.875, ""12"": 0.8686363636363637, ""14"": 0.8622727272727273, ""16"": 0.8577272727272728, ""18"": 0.8513636363636363}","{""-20"": 0.9999999999999996, ""-18"": 0.181818181818183, ""-16"": 2.045454545454545, ""-14"": 1.136363636363638, ""-12"": 0.7727272727272722, ""-10"": -0.363636363636366, ""-8"": -4.909090909090907, ""-6"": -9.727272727272728, ""-4"": -8.90909090909091, ""-2"": -9.272727272727266, ""0"": -7.318181818181824, ""2"": -6.090909090909092, ""4"": -6.409090909090908, ""6"": -5.499999999999994, ""8"": -5.545454545454542, ""10"": -5.272727272727273, ""12"": -5.909090909090908, ""14"": -7.13636363636363, ""16"": -7.2727272727272645, ""18"": -7.227272727272727}"
runs/iqformer_s1,"all=W4A4,FUSION=W4A8,STEM=W4A8,HEAD=W4A8",0.5992045454545455,0.6061961660819665,-3.518181818181809,9800,2938,1390,5.74076830974938e-125,0.218444,"{""-20"": 0.10227272727272728, ""-18"": 0.11454545454545455, ""-16"": 0.12318181818181818, ""-14"": 0.16227272727272726, ""-12"": 0.18636363636363637, ""-10"": 0.25181818181818183, ""-8"": 0.3381818181818182, ""-6"": 0.5072727272727273, ""-4"": 0.6640909090909091, ""-2"": 0.7659090909090909, ""0"": 0.8354545454545454, ""2"": 0.8718181818181818, ""4"": 0.860909090909091, ""6"": 0.8877272727272727, ""8"": 0.8777272727272727, ""10"": 0.8886363636363637, ""12"": 0.8827272727272727, ""14"": 0.8877272727272727, ""16"": 0.8868181818181818, ""18"": 0.8886363636363637}","{""-20"": 0.4545454545454547, ""-18"": 1.0000000000000009, ""-16"": 2.0909090909090904, ""-14"": 1.7272727272727273, ""-12"": 0.0909090909090915, ""-10"": -0.22727272727272596, ""-8"": -4.136363636363632, ""-6"": -7.818181818181813, ""-4"": -7.13636363636364, ""-2"": -8.090909090909093, ""0"": -6.954545454545458, ""2"": -5.1363636363636385, ""4"": -6.318181818181811, ""6"": -4.2727272727272725, ""8"": -4.772727272727273, ""10"": -3.9090909090909065, ""12"": -4.5000000000000036, ""14"": -4.59090909090909, ""16"": -4.363636363636358, ""18"": -3.499999999999992}"
runs/iqformer_s1,"all=W4A4,FUSION=W4A8,STEM=W4A8,HEAD=W4A8,ATTN=W4A8",0.6056136363636364,0.613686341383037,-2.877272727272717,8710,2541,1275,6.082188195713208e-95,0.218444,"{""-20"": 0.10045454545454545, ""-18"": 0.10909090909090909, ""-16"": 0.11636363636363636, ""-14"": 0.1640909090909091, ""-12"": 0.19227272727272726, ""-10"": 0.255, ""-8"": 0.3468181818181818, ""-6"": 0.5186363636363637, ""-4"": 0.675, ""-2"": 0.7759090909090909, ""0"": 0.8445454545454546, ""2"": 0.884090909090909, ""4"": 0.8731818181818182, ""6"": 0.8945454545454545, ""8"": 0.8854545454545455, ""10"": 0.895, ""12"": 0.8918181818181818, ""14"": 0.8995454545454545, ""16"": 0.8968181818181818, ""18"": 0.8936363636363637}","{""-20"": 0.2727272727272717, ""-18"": 0.4545454545454547, ""-16"": 1.4090909090909085, ""-14"": 1.9090909090909103, ""-12"": 0.6818181818181807, ""-10"": 0.0909090909090915, ""-8"": -3.2727272727272716, ""-6"": -6.681818181818178, ""-4"": -6.045454545454543, ""-2"": -7.090909090909092, ""0"": -6.045454545454543, ""2"": -3.9090909090909176, ""4"": -5.09090909090909, ""6"": -3.590909090909089, ""8"": -3.9999999999999925, ""10"": -3.2727272727272716, ""12"": -3.590909090909089, ""14"": -3.409090909090906, ""16"": -3.3636363636363575, ""18"": -2.9999999999999916}"
runs/iqformer_s1,"all=W4A4,FUSION=W4A8,STEM=W4A8,HEAD=W4A8,ATTN=W4A8,FFN=W4A8",0.6230681818181818,0.6363586162422041,-1.1318181818181783,4395,1370,872,5.666637431761076e-26,0.218444,"{""-20"": 0.09681818181818182, ""-18"": 0.10590909090909091, ""-16"": 0.10863636363636364, ""-14"": 0.16045454545454546, ""-12"": 0.20227272727272727, ""-10"": 0.26954545454545453, ""-8"": 0.37863636363636366, ""-6"": 0.5627272727272727, ""-4"": 0.7122727272727273, ""-2"": 0.8086363636363636, ""0"": 0.8654545454545455, ""2"": 0.8981818181818182, ""4"": 0.9036363636363637, ""6"": 0.9118181818181819, ""8"": 0.9045454545454545, ""10"": 0.9145454545454546, ""12"": 0.9118181818181819, ""14"": 0.9145454545454546, ""16"": 0.9186363636363636, ""18"": 0.9122727272727272}","{""-20"": -0.0909090909090915, ""-18"": 0.13636363636363724, ""-16"": 0.6363636363636362, ""-14"": 1.5454545454545472, ""-12"": 1.6818181818181817, ""-10"": 1.5454545454545443, ""-8"": -0.09090909090908594, ""-6"": -2.2727272727272707, ""-4"": -2.3181818181818192, ""-2"": -3.8181818181818206, ""0"": -3.954545454545455, ""2"": -2.500000000000002, ""4"": -2.045454545454539, ""6"": -1.8636363636363562, ""8"": -2.0909090909090877, ""10"": -1.3181818181818183, ""12"": -1.5909090909090873, ""14"": -1.9090909090909047, ""16"": -1.1818181818181839, ""18"": -1.1363636363636354}"
runs/iqformer_s1,"all=W4A4,FUSION=W4A8,STEM=W4A8,HEAD=W4A8,ATTN=W4A8,FFN=W4A8,CONVENC=W4A8",0.6257954545454546,0.6400179458741063,-0.8590909090908982,3736,1151,773,6.5582352611537456e-18,0.218444,"{""-20"": 0.09818181818181818, ""-18"": 0.10272727272727272, ""-16"": 0.10545454545454545, ""-14"": 0.15863636363636363, ""-12"": 0.1968181818181818, ""-10"": 0.2681818181818182, ""-8"": 0.3845454545454545, ""-6"": 0.5713636363636364, ""-4"": 0.7172727272727273, ""-2"": 0.8190909090909091, ""0"": 0.8795454545454545, ""2"": 0.9036363636363637, ""4"": 0.9077272727272727, ""6"": 0.9172727272727272, ""8"": 0.9072727272727272, ""10"": 0.9140909090909091, ""12"": 0.9145454545454546, ""14"": 0.9163636363636364, ""16"": 0.9190909090909091, ""18"": 0.9140909090909091}","{""-20"": 0.04545454545454436, ""-18"": -0.1818181818181816, ""-16"": 0.31818181818181746, ""-14"": 1.3636363636363642, ""-12"": 1.1363636363636354, ""-10"": 1.4090909090909098, ""-8"": 0.5000000000000004, ""-6"": -1.4090909090909043, ""-4"": -1.8181818181818188, ""-2"": -2.772727272727271, ""0"": -2.5454545454545507, ""2"": -1.9545454545454533, ""4"": -1.6363636363636358, ""6"": -1.3181818181818183, ""8"": -1.8181818181818188, ""10"": -1.3636363636363669, ""12"": -1.3181818181818183, ""14"": -1.7272727272727217, ""16"": -1.1363636363636354, ""18"": -0.9545454545454524}"
runs/iqformer_s1,"all=W4A4,FUSION=W4A8,STEM=W4A8,HEAD=W4A8,ATTN=W4A8,FFN=W4A8,CONVENC=W4A8,LSTM=W4A8",0.6256818181818182,0.6396583319757557,-0.8704545454545354,3618,1113,730,4.2554307104378523e-19,0.218444,"{""-20"": 0.09772727272727273, ""-18"": 0.10363636363636364, ""-16"": 0.1040909090909091, ""-14"": 0.16272727272727272, ""-12"": 0.20136363636363636, ""-10"": 0.2609090909090909, ""-8"": 0.38272727272727275, ""-6"": 0.5709090909090909, ""-4"": 0.7195454545454546, ""-2"": 0.8168181818181818, ""0"": 0.8809090909090909, ""2"": 0.9009090909090909, ""4"": 0.9072727272727272, ""6"": 0.9154545454545454, ""8"": 0.9072727272727272, ""10"": 0.9145454545454546, ""12"": 0.9163636363636364, ""14"": 0.9168181818181819, ""16"": 0.9190909090909091, ""18"": 0.9145454545454546}","{""-20"": 0.0, ""-18"": -0.0909090909090901, ""-16"": 0.1818181818181816, ""-14"": 1.772727272727273, ""-12"": 1.59090909090909, ""-10"": 0.6818181818181834, ""-8"": 0.318181818181823, ""-6"": -1.4545454545454528, ""-4"": -1.5909090909090873, ""-2"": -3.0000000000000027, ""0"": -2.4090909090909163, ""2"": -2.2272727272727333, ""4"": -1.6818181818181843, ""6"": -1.5000000000000013, ""8"": -1.8181818181818188, ""10"": -1.3181818181818183, ""12"": -1.1363636363636354, ""14"": -1.6818181818181732, ""16"": -1.1363636363636354, ""18"": -0.9090909090909038}"
runs/iqformer_s1,all=W4A8,0.6265227272727273,0.6407335574390723,-0.7863636363636295,3437,1053,707,1.5849512332055007e-16,0.218444,"{""-20"": 0.09863636363636363, ""-18"": 0.10227272727272728, ""-16"": 0.10363636363636364, ""-14"": 0.16272727272727272, ""-12"": 0.19772727272727272, ""-10"": 0.2631818181818182, ""-8"": 0.37272727272727274, ""-6"": 0.5740909090909091, ""-4"": 0.7254545454545455, ""-2"": 0.8186363636363636, ""0"": 0.8827272727272727, ""2"": 0.9068181818181819, ""4"": 0.9095454545454545, ""6"": 0.9168181818181819, ""8"": 0.9095454545454545, ""10"": 0.9154545454545454, ""12"": 0.9177272727272727, ""14"": 0.9177272727272727, ""16"": 0.9190909090909091, ""18"": 0.9159090909090909}","{""-20"": 0.0909090909090901, ""-18"": -0.22727272727272596, ""-16"": 0.13636363636363585, ""-14"": 1.772727272727273, ""-12"": 1.2272727272727268, ""-10"": 0.9090909090909094, ""-8"": -0.6818181818181779, ""-6"": -1.1363636363636354, ""-4"": -1.0000000000000009, ""-2"": -2.8181818181818197, ""0"": -2.2272727272727333, ""2"": -1.6363636363636358, ""4"": -1.4545454545454528, ""6"": -1.3636363636363558, ""8"": -1.5909090909090873, ""10"": -1.2272727272727324, ""12"": -1.0000000000000009, ""14"": -1.5909090909090873, ""16"": -1.1363636363636354, ""18"": -0.7727272727272694}"
runs/iqformer_s2,FP32,0.6390454545454546,0.6616862429063095,0.0,0,0,0,1.0,1.420196,"{""-20"": 0.095, ""-18"": 0.09727272727272727, ""-16"": 0.10363636363636364, ""-14"": 0.13727272727272727, ""-12"": 0.19, ""-10"": 0.26045454545454544, ""-8"": 0.4059090909090909, ""-6"": 0.5945454545454546, ""-4"": 0.740909090909091, ""-2"": 0.8581818181818182, ""0"": 0.9086363636363637, ""2"": 0.9277272727272727, ""4"": 0.9272727272727272, ""6"": 0.9331818181818182, ""8"": 0.9309090909090909, ""10"": 0.9313636363636364, ""12"": 0.9340909090909091, ""14"": 0.9354545454545454, ""16"": 0.9318181818181818, ""18"": 0.9372727272727273}",
runs/iqformer_s2,all=W4A4,0.5838636363636364,0.6010776230786875,-5.518181818181822,12828,4178,1750,1.4557488578891718e-224,0.218444,"{""-20"": 0.09954545454545455, ""-18"": 0.10818181818181818, ""-16"": 0.1390909090909091, ""-14"": 0.15454545454545454, ""-12"": 0.1968181818181818, ""-10"": 0.25045454545454543, ""-8"": 0.33636363636363636, ""-6"": 0.485, ""-4"": 0.6604545454545454, ""-2"": 0.7709090909090909, ""0"": 0.8054545454545454, ""2"": 0.8531818181818182, ""4"": 0.8472727272727273, ""6"": 0.85, ""8"": 0.8504545454545455, ""10"": 0.8486363636363636, ""12"": 0.8490909090909091, ""14"": 0.855, ""16"": 0.8631818181818182, ""18"": 0.8536363636363636}","{""-20"": 0.4545454545454547, ""-18"": 1.090909090909091, ""-16"": 3.545454545454546, ""-14"": 1.7272727272727273, ""-12"": 0.6818181818181807, ""-10"": -1.0000000000000009, ""-8"": -6.954545454545452, ""-6"": -10.95454545454546, ""-4"": -8.045454545454556, ""-2"": -8.727272727272728, ""0"": -10.318181818181827, ""2"": -7.454545454545459, ""4"": -7.9999999999999964, ""6"": -8.318181818181824, ""8"": -8.045454545454545, ""10"": -8.272727272727277, ""12"": -8.499999999999996, ""14"": -8.045454545454545, ""16"": -6.863636363636361, ""18"": -8.363636363636362}"
runs/iqformer_s2,"all=W4A4,STEM=W4A8,HEAD=W4A8",0.5954772727272727,0.6122308813056594,-4.3568181818181895,10826,3509,1592,1.9877710942242918e-162,0.218444,"{""-20"": 0.10681818181818181, ""-18"": 0.10772727272727273, ""-16"": 0.13318181818181818, ""-14"": 0.15863636363636363, ""-12"": 0.21, ""-10"": 0.2595454545454545, ""-8"": 0.3422727272727273, ""-6"": 0.5063636363636363, ""-4"": 0.6659090909090909, ""-2"": 0.7868181818181819, ""0"": 0.8290909090909091, ""2"": 0.8622727272727273, ""4"": 0.8618181818181818, ""6"": 0.8622727272727273, ""8"": 0.8768181818181818, ""10"": 0.8677272727272727, ""12"": 0.8681818181818182, ""14"": 0.860909090909091, ""16"": 0.8754545454545455, ""18"": 0.8677272727272727}","{""-20"": 1.1818181818181812, ""-18"": 1.0454545454545452, ""-16"": 2.954545454545454, ""-14"": 2.1363636363636362, ""-12"": 1.9999999999999991, ""-10"": -0.0909090909090915, ""-8"": -6.36363636363636, ""-6"": -8.818181818181825, ""-4"": -7.500000000000007, ""-2"": -7.13636363636363, ""0"": -7.954545454545459, ""2"": -6.545454545454543, ""4"": -6.545454545454543, ""6"": -7.090909090909092, ""8"": -5.409090909090908, ""10"": -6.363636363636371, ""12"": -6.590909090909092, ""14"": -7.454545454545447, ""16"": -5.636363636363628, ""18"": -6.954545454545458}"
runs/iqformer_s2,"all=W4A4,FUSION=W4A8",0.5885,0.6035593653792843,-5.0545454545454565,12403,3881,1657,1.2241441922758215e-201,0.218444,"{""-20"": 0.095, ""-18"": 0.11454545454545455, ""-16"": 0.13818181818181818, ""-14"": 0.14, ""-12"": 0.19136363636363637, ""-10"": 0.24181818181818182, ""-8"": 0.3195454545454545, ""-6"": 0.5018181818181818, ""-4"": 0.6672727272727272, ""-2"": 0.7886363636363637, ""0"": 0.8268181818181818, ""2"": 0.855909090909091, ""4"": 0.855, ""6"": 0.8572727272727273, ""8"": 0.8563636363636363, ""10"": 0.8654545454545455, ""12"": 0.8577272727272728, ""14"": 0.8627272727272727, ""16"": 0.8681818181818182, ""18"": 0.8663636363636363}","{""-20"": 0.0, ""-18"": 1.7272727272727273, ""-16"": 3.4545454545454546, ""-14"": 0.2727272727272745, ""-12"": 0.13636363636363724, ""-10"": -1.8636363636363618, ""-8"": -8.636363636363637, ""-6"": -9.272727272727277, ""-4"": -7.363636363636372, ""-2"": -6.954545454545446, ""0"": -8.18181818181819, ""2"": -7.181818181818178, ""4"": -7.227272727272727, ""6"": -7.590909090909093, ""8"": -7.454545454545459, ""10"": -6.590909090909092, ""12"": -7.63636363636363, ""14"": -7.272727272727275, ""16"": -6.36363636363636, ""18"": -7.090909090909092}"
runs/iqformer_s2,"all=W4A4,FUSION=W4A8,STEM=W4A8,HEAD=W4A8",0.6006590909090909,0.6159706451885336,-3.838636363636372,10480,3198,1509,1.2265009580370649e-136,0.218444,"{""-20"": 0.1, ""-18"": 0.10590909090909091, ""-16"": 0.12727272727272726, ""-14"": 0.15545454545454546, ""-12"": 0.2, ""-10"": 0.2590909090909091, ""-8"": 0.3440909090909091, ""-6"": 0.5063636363636363, ""-4"": 0.6786363636363636, ""-2"": 0.8013636363636364, ""0"": 0.8495454545454545, ""2"": 0.8727272727272727, ""4"": 0.8731818181818182, ""6"": 0.8709090909090909, ""8"": 0.8777272727272727, ""10"": 0.8804545454545455, ""12"": 0.8677272727272727, ""14"": 0.8795454545454545, ""16"": 0.8836363636363637, ""18"": 0.8795454545454545}","{""-20"": 0.5000000000000004, ""-18"": 0.8636363636363636, ""-16"": 2.3636363636363624, ""-14"": 1.8181818181818188, ""-12"": 1.0000000000000009, ""-10"": -0.13636363636363447, ""-8"": -6.181818181818177, ""-6"": -8.818181818181825, ""-4"": -6.227272727272737, ""-2"": -5.681818181818176, ""0"": -5.909090909090919, ""2"": -5.500000000000005, ""4"": -5.409090909090908, ""6"": -6.227272727272737, ""8"": -5.318181818181822, ""10"": -5.09090909090909, ""12"": -6.63636363636364, ""14"": -5.590909090909091, ""16"": -4.81818181818181, ""18"": -5.772727272727273}"
runs/iqformer_s2,"all=W4A4,FUSION=W4A8,STEM=W4A8,HEAD=W4A8,ATTN=W4A8",0.6064545454545455,0.621550529406872,-3.2590909090909115,9525,2862,1428,3.932813021817123e-108,0.218444,"{""-20"": 0.1, ""-18"": 0.10272727272727272, ""-16"": 0.12681818181818183, ""-14"": 0.15363636363636363, ""-12"": 0.20045454545454544, ""-10"": 0.2686363636363636, ""-8"": 0.3559090909090909, ""-6"": 0.5145454545454545, ""-4"": 0.6940909090909091, ""-2"": 0.7986363636363636, ""0"": 0.8522727272727273, ""2"": 0.8822727272727273, ""4"": 0.8754545454545455, ""6"": 0.8759090909090909, ""8"": 0.8813636363636363, ""10"": 0.8886363636363637, ""12"": 0.8836363636363637, ""14"": 0.8877272727272727, ""16"": 0.8945454545454545, ""18"": 0.8918181818181818}","{""-20"": 0.5000000000000004, ""-18"": 0.5454545454545447, ""-16"": 2.3181818181818192, ""-14"": 1.6363636363636358, ""-12"": 1.0454545454545439, ""-10"": 0.8181818181818179, ""-8"": -4.999999999999999, ""-6"": -8.000000000000007, ""-4"": -4.681818181818187, ""-2"": -5.954545454545457, ""0"": -5.636363636363639, ""2"": -4.545454545454541, ""4"": -5.181818181818176, ""6"": -5.727272727272736, ""8"": -4.954545454545456, ""10"": -4.2727272727272725, ""12"": -5.045454545454541, ""14"": -4.772727272727273, ""16"": -3.7272727272727235, ""18"": -4.545454545454541}"
runs/iqformer_s2,"all=W4A4,FUSION=W4A8,STEM=W4A8,HEAD=W4A8,ATTN=W4A8,FFN=W4A8",0.6255454545454545,0.6413875069548255,-1.3500000000000068,3863,1298,704,1.1410062016205858e-40,0.218444,"{""-20"": 0.09727272727272727, ""-18"": 0.09636363636363636, ""-16"": 0.105, ""-14"": 0.12818181818181817, ""-12"": 0.1618181818181818, ""-10"": 0.24545454545454545, ""-8"": 0.4090909090909091, ""-6"": 0.5863636363636363, ""-4"": 0.7204545454545455, ""-2"": 0.8377272727272728, ""0"": 0.88, ""2"": 0.9109090909090909, ""4"": 0.9077272727272727, ""6"": 0.9140909090909091, ""8"": 0.9122727272727272, ""10"": 0.9145454545454546, ""12"": 0.9190909090909091, ""14"": 0.9222727272727272, ""16"": 0.9190909090909091, ""18"": 0.9231818181818182}","{""-20"": 0.22727272727272735, ""-18"": -0.0909090909090915, ""-16"": 0.13636363636363585, ""-14"": -0.9090909090909094, ""-12"": -2.8181818181818197, ""-10"": -1.4999999999999987, ""-8"": 0.318181818181823, ""-6"": -0.818181818181829, ""-4"": -2.0454545454545503, ""-2"": -2.045454545454539, ""0"": -2.863636363636368, ""2"": -1.6818181818181843, ""4"": -1.9545454545454533, ""6"": -1.9090909090909158, ""8"": -1.8636363636363673, ""10"": -1.6818181818181843, ""12"": -1.5000000000000013, ""14"": -1.3181818181818183, ""16"": -1.2727272727272698, ""18"": -1.4090909090909043}"
runs/iqformer_s2,"all=W4A4,FUSION=W4A8,STEM=W4A8,HEAD=W4A8,ATTN=W4A8,FFN=W4A8,CONVENC=W4A8",0.6288636363636364,0.6478039255162363,-1.018181818181818,3119,1027,579,2.98457512847734e-29,0.218444,"{""-20"": 0.09363636363636364, ""-18"": 0.09545454545454546, ""-16"": 0.09909090909090909, ""-14"": 0.125, ""-12"": 0.15681818181818183, ""-10"": 0.24772727272727274, ""-8"": 0.4, ""-6"": 0.5886363636363636, ""-4"": 0.7272727272727273, ""-2"": 0.8413636363636363, ""0"": 0.8945454545454545, ""2"": 0.9181818181818182, ""4"": 0.9154545454545454, ""6"": 0.9227272727272727, ""8"": 0.9240909090909091, ""10"": 0.9218181818181819, ""12"": 0.9240909090909091, ""14"": 0.9268181818181818, ""16"": 0.9259090909090909, ""18"": 0.9286363636363636}","{""-20"": -0.13636363636363585, ""-18"": -0.1818181818181816, ""-16"": -0.4545454545454547, ""-14"": -1.2272727272727268, ""-12"": -3.3181818181818175, ""-10"": -1.2727272727272698, ""-8"": -0.5909090909090864, ""-6"": -0.5909090909090975, ""-4"": -1.3636363636363669, ""-2"": -1.6818181818181843, ""0"": -1.4090909090909154, ""2"": -0.9545454545454524, ""4"": -1.1818181818181839, ""6"": -1.0454545454545494, ""8"": -0.6818181818181834, ""10"": -0.9545454545454524, ""12"": -1.0000000000000009, ""14"": -0.8636363636363664, ""16"": -0.5909090909090864, ""18"": -0.8636363636363664}"
runs/iqformer_s2,"all=W4A4,FUSION=W4A8,STEM=W4A8,HEAD=W4A8,ATTN=W4A8,FFN=W4A8,CONVENC=W4A8,LSTM=W4A8",0.6304772727272727,0.6502392591187859,-0.8568181818181864,2947,947,570,2.9066008903822762e-22,0.218444,"{""-20"": 0.09318181818181819, ""-18"": 0.09409090909090909, ""-16"": 0.10318181818181818, ""-14"": 0.12590909090909091, ""-12"": 0.16090909090909092, ""-10"": 0.24136363636363636, ""-8"": 0.4018181818181818, ""-6"": 0.5922727272727273, ""-4"": 0.7336363636363636, ""-2"": 0.8477272727272728, ""0"": 0.8968181818181818, ""2"": 0.9213636363636364, ""4"": 0.9163636363636364, ""6"": 0.925, ""8"": 0.9227272727272727, ""10"": 0.9245454545454546, ""12"": 0.9277272727272727, ""14"": 0.9272727272727272, ""16"": 0.9245454545454546, ""18"": 0.9290909090909091}","{""-20"": -0.1818181818181816, ""-18"": -0.31818181818181884, ""-16"": -0.04545454545454575, ""-14"": -1.1363636363636354, ""-12"": -2.9090909090909083, ""-10"": -1.9090909090909074, ""-8"": -0.40909090909090895, ""-6"": -0.2272727272727315, ""-4"": -0.727272727272732, ""-2"": -1.0454545454545383, ""0"": -1.1818181818181839, ""2"": -0.6363636363636349, ""4"": -1.0909090909090868, ""6"": -0.8181818181818179, ""8"": -0.8181818181818179, ""10"": -0.6818181818181834, ""12"": -0.6363636363636349, ""14"": -0.8181818181818179, ""16"": -0.7272727272727209, ""18"": -0.8181818181818179}"
runs/iqformer_s2,all=W4A8,0.6314318181818181,0.653077787873046,-0.7613636363636433,2718,872,537,3.8928751468108635e-19,0.218444,"{""-20"": 0.09272727272727273, ""-18"": 0.09454545454545454, ""-16"": 0.10227272727272728, ""-14"": 0.12272727272727273, ""-12"": 0.15772727272727272, ""-10"": 0.24909090909090909, ""-8"": 0.40545454545454546, ""-6"": 0.5904545454545455, ""-4"": 0.73, ""-2"": 0.8495454545454545, ""0"": 0.9009090909090909, ""2"": 0.9268181818181818, ""4"": 0.9186363636363636, ""6"": 0.9295454545454546, ""8"": 0.9245454545454546, ""10"": 0.9254545454545454, ""12"": 0.9290909090909091, ""14"": 0.9259090909090909, ""16"": 0.9259090909090909, ""18"": 0.9272727272727272}","{""-20"": -0.22727272727272735, ""-18"": -0.2727272727272731, ""-16"": -0.13636363636363585, ""-14"": -1.4545454545454541, ""-12"": -3.2272727272727284, ""-10"": -1.1363636363636354, ""-8"": -0.04545454545454297, ""-6"": -0.4090909090909145, ""-4"": -1.090909090909098, ""-2"": -0.8636363636363664, ""0"": -0.7727272727272805, ""2"": -0.09090909090909705, ""4"": -0.8636363636363664, ""6"": -0.363636363636366, ""8"": -0.6363636363636349, ""10"": -0.5909090909090975, ""12"": -0.5000000000000004, ""14"": -0.9545454545454524, ""16"": -0.5909090909090864, ""18"": -1.0000000000000009}"
runs/iqformer_s3,FP32,0.640159090909091,0.6623351558154336,0.0,0,0,0,1.0,1.420196,"{""-20"": 0.09727272727272727, ""-18"": 0.09681818181818182, ""-16"": 0.09954545454545455, ""-14"": 0.12681818181818183, ""-12"": 0.18045454545454545, ""-10"": 0.27, ""-8"": 0.41545454545454547, ""-6"": 0.5954545454545455, ""-4"": 0.7518181818181818, ""-2"": 0.8672727272727273, ""0"": 0.9136363636363637, ""2"": 0.93, ""4"": 0.9254545454545454, ""6"": 0.9318181818181818, ""8"": 0.9327272727272727, ""10"": 0.9322727272727273, ""12"": 0.9359090909090909, ""14"": 0.9340909090909091, ""16"": 0.9318181818181818, ""18"": 0.9345454545454546}",
runs/iqformer_s3,all=W4A4,0.5999545454545454,0.6041098881111582,-4.020454545454555,9667,3046,1277,5.758948088367205e-164,0.218444,"{""-20"": 0.10363636363636364, ""-18"": 0.11181818181818182, ""-16"": 0.11772727272727272, ""-14"": 0.16772727272727272, ""-12"": 0.21, ""-10"": 0.26181818181818184, ""-8"": 0.3781818181818182, ""-6"": 0.5127272727272727, ""-4"": 0.6359090909090909, ""-2"": 0.7772727272727272, ""0"": 0.8386363636363636, ""2"": 0.87, ""4"": 0.87, ""6"": 0.8845454545454545, ""8"": 0.8786363636363637, ""10"": 0.8759090909090909, ""12"": 0.8677272727272727, ""14"": 0.8790909090909091, ""16"": 0.8786363636363637, ""18"": 0.8790909090909091}","{""-20"": 0.6363636363636362, ""-18"": 1.5, ""-16"": 1.8181818181818175, ""-14"": 4.09090909090909, ""-12"": 2.954545454545454, ""-10"": -0.8181818181818179, ""-8"": -3.7272727272727293, ""-6"": -8.272727272727277, ""-4"": -11.590909090909097, ""-2"": -9.000000000000007, ""0"": -7.500000000000007, ""2"": -6.000000000000005, ""4"": -5.545454545454542, ""6"": -4.727272727272725, ""8"": -5.409090909090908, ""10"": -5.636363636363639, ""12"": -6.818181818181824, ""14"": -5.499999999999994, ""16"": -5.318181818181811, ""18"": -5.545454545454542}"
runs/iqformer_s3,"all=W4A4,STEM=W4A8,HEAD=W4A8",0.6170227272727272,0.626084378158676,-2.3136363636363733,7128,2158,1140,2.6920885942850108e-71,0.218444,"{""-20"": 0.105, ""-18"": 0.1040909090909091, ""-16"": 0.13, ""-14"": 0.1831818181818182, ""-12"": 0.21818181818181817, ""-10"": 0.26954545454545453, ""-8"": 0.3936363636363636, ""-6"": 0.5322727272727272, ""-4"": 0.6604545454545454, ""-2"": 0.7986363636363636, ""0"": 0.86, ""2"": 0.889090909090909, ""4"": 0.8881818181818182, ""6"": 0.9040909090909091, ""8"": 0.9027272727272727, ""10"": 0.9009090909090909, ""12"": 0.8963636363636364, ""14"": 0.9022727272727272, ""16"": 0.9068181818181819, ""18"": 0.895}","{""-20"": 0.7727272727272722, ""-18"": 0.7272727272727277, ""-16"": 3.045454545454546, ""-14"": 5.636363636363637, ""-12"": 3.772727272727272, ""-10"": -0.04545454545454852, ""-8"": -2.1818181818181848, ""-6"": -6.318181818181823, ""-4"": -9.136363636363642, ""-2"": -6.863636363636372, ""0"": -5.36363636363637, ""2"": -4.090909090909101, ""4"": -3.7272727272727235, ""6"": -2.772727272727271, ""8"": -3.0000000000000027, ""10"": -3.136363636363637, ""12"": -3.954545454545455, ""14"": -3.1818181818181857, ""16"": -2.499999999999991, ""18"": -3.954545454545455}"
runs/iqformer_s3,"all=W4A4,FUSION=W4A8",0.5908636363636364,0.5949463472776116,-4.929545454545458,11823,3701,1532,2.4184814507102216e-203,0.218444,"{""-20"": 0.10363636363636364, ""-18"": 0.11454545454545455, ""-16"": 0.12, ""-14"": 0.1618181818181818, ""-12"": 0.20454545454545456, ""-10"": 0.23, ""-8"": 0.335, ""-6"": 0.4954545454545455, ""-4"": 0.6495454545454545, ""-2"": 0.7822727272727272, ""0"": 0.8340909090909091, ""2"": 0.8645454545454545, ""4"": 0.8563636363636363, ""6"": 0.8677272727272727, ""8"": 0.8681818181818182, ""10"": 0.875, ""12"": 0.8604545454545455, ""14"": 0.8677272727272727, ""16"": 0.8631818181818182, ""18"": 0.8631818181818182}","{""-20"": 0.6363636363636362, ""-18"": 1.772727272727273, ""-16"": 2.045454545454545, ""-14"": 3.4999999999999973, ""-12"": 2.409090909090911, ""-10"": -4.000000000000001, ""-8"": -8.045454545454545, ""-6"": -9.999999999999998, ""-4"": -10.22727272727273, ""-2"": -8.500000000000007, ""0"": -7.954545454545459, ""2"": -6.545454545454554, ""4"": -6.909090909090909, ""6"": -6.409090909090908, ""8"": -6.454545454545457, ""10"": -5.727272727272725, ""12"": -7.545454545454544, ""14"": -6.63636363636364, ""16"": -6.863636363636361, ""18"": -7.13636363636364}"
runs/iqformer_s3,"all=W4A4,FUSION=W4A8,STEM=W4A8,HEAD=W4A8",0.6108863636363636,0.6176230288033355,-2.927272727272734,8953,2544,1256,1.075644993608167e-98,0.218444,"{""-20"": 0.10772727272727273, ""-18"": 0.11, ""-16"": 0.125, ""-14"": 0.17045454545454544, ""-12"": 0.2009090909090909, ""-10"": 0.25136363636363634, ""-8"": 0.3572727272727273, ""-6"": 0.5259090909090909, ""-4"": 0.665, ""-2"": 0.7963636363636364, ""0"": 0.865, ""2"": 0.8859090909090909, ""4"": 0.8813636363636363, ""6"": 0.9013636363636364, ""8"": 0.8931818181818182, ""10"": 0.8954545454545455, ""12"": 0.8922727272727272, ""14"": 0.8968181818181818, ""16"": 0.8995454545454545, ""18"": 0.8968181818181818}","{""-20"": 1.0454545454545452, ""-18"": 1.3181818181818183, ""-16"": 2.545454545454545, ""-14"": 4.3636363636363615, ""-12"": 2.045454545454545, ""-10"": -1.8636363636363673, ""-8"": -5.818181818181817, ""-6"": -6.954545454545458, ""-4"": -8.68181818181818, ""-2"": -7.090909090909092, ""0"": -4.86363636363637, ""2"": -4.409090909090918, ""4"": -4.4090909090909065, ""6"": -3.04545454545454, ""8"": -3.954545454545455, ""10"": -3.681818181818175, ""12"": -4.3636363636363695, ""14"": -3.7272727272727235, ""16"": -3.227272727272723, ""18"": -3.772727272727272}"
runs/iqformer_s3,"all=W4A4,FUSION=W4A8,STEM=W4A8,HEAD=W4A8,ATTN=W4A8",0.6158181818181818,0.6231627713721601,-2.4340909090909135,8182,2221,1150,3.924900021023456e-77,0.218444,"{""-20"": 0.10636363636363637, ""-18"": 0.11181818181818182, ""-16"": 0.125, ""-14"": 0.16727272727272727, ""-12"": 0.20545454545454545, ""-10"": 0.25136363636363634, ""-8"": 0.3668181818181818, ""-6"": 0.5336363636363637, ""-4"": 0.6818181818181818, ""-2"": 0.8077272727272727, ""0"": 0.8777272727272727, ""2"": 0.8954545454545455, ""4"": 0.8836363636363637, ""6"": 0.905, ""8"": 0.9004545454545455, ""10"": 0.8986363636363637, ""12"": 0.8963636363636364, ""14"": 0.9018181818181819, ""16"": 0.9, ""18"": 0.9}","{""-20"": 0.9090909090909094, ""-18"": 1.5, ""-16"": 2.545454545454545, ""-14"": 4.045454545454544, ""-12"": 2.4999999999999996, ""-10"": -1.8636363636363673, ""-8"": -4.863636363636364, ""-6"": -6.181818181818177, ""-4"": -7.000000000000006, ""-2"": -5.954545454545457, ""0"": -3.5909090909091, ""2"": -3.4545454545454546, ""4"": -4.181818181818175, ""6"": -2.681818181818174, ""8"": -3.227272727272723, ""10"": -3.3636363636363575, ""12"": -3.954545454545455, ""14"": -3.227272727272723, ""16"": -3.1818181818181746, ""18"": -3.4545454545454546}"
runs/iqformer_s3,"all=W4A4,FUSION=W4A8,STEM=W4A8,HEAD=W4A8,ATTN=W4A8,FFN=W4A8",0.6268863636363636,0.6401592852012873,-1.3272727272727325,4622,1371,787,1.4820728661606694e-36,0.218444,"{""-20"": 0.0959090909090909, ""-18"": 0.10318181818181818, ""-16"": 0.1009090909090909, ""-14"": 0.13363636363636364, ""-12"": 0.18681818181818183, ""-10"": 0.2718181818181818, ""-8"": 0.4022727272727273, ""-6"": 0.5813636363636364, ""-4"": 0.7172727272727273, ""-2"": 0.8413636363636363, ""0"": 0.8945454545454545, ""2"": 0.91, ""4"": 0.9081818181818182, ""6"": 0.915, ""8"": 0.9122727272727272, ""10"": 0.9131818181818182, ""12"": 0.9090909090909091, ""14"": 0.9131818181818182, ""16"": 0.9159090909090909, ""18"": 0.9118181818181819}","{""-20"": -0.13636363636363724, ""-18"": 0.6363636363636362, ""-16"": 0.13636363636363585, ""-14"": 0.6818181818181807, ""-12"": 0.6363636363636377, ""-10"": 0.18181818181817744, ""-8"": -1.3181818181818183, ""-6"": -1.4090909090909043, ""-4"": -3.4545454545454546, ""-2"": -2.5909090909090993, ""0"": -1.9090909090909158, ""2"": -2.0000000000000018, ""4"": -1.7272727272727217, ""6"": -1.6818181818181732, ""8"": -2.0454545454545503, ""10"": -1.9090909090909047, ""12"": -2.681818181818185, ""14"": -2.0909090909090877, ""16"": -1.5909090909090873, ""18"": -2.2727272727272707}"
runs/iqformer_s3,"all=W4A4,FUSION=W4A8,STEM=W4A8,HEAD=W4A8,ATTN=W4A8,FFN=W4A8,CONVENC=W4A8",0.6274772727272727,0.6419527023495202,-1.2681818181818239,4217,1280,722,5.066853262030548e-36,0.218444,"{""-20"": 0.0959090909090909, ""-18"": 0.10136363636363636, ""-16"": 0.1, ""-14"": 0.13454545454545455, ""-12"": 0.18363636363636363, ""-10"": 0.2768181818181818, ""-8"": 0.4059090909090909, ""-6"": 0.5836363636363636, ""-4"": 0.7222727272727273, ""-2"": 0.8454545454545455, ""0"": 0.8922727272727272, ""2"": 0.9109090909090909, ""4"": 0.9077272727272727, ""6"": 0.9145454545454546, ""8"": 0.9136363636363637, ""10"": 0.9140909090909091, ""12"": 0.9086363636363637, ""14"": 0.9109090909090909, ""16"": 0.915, ""18"": 0.9122727272727272}","{""-20"": -0.13636363636363724, ""-18"": 0.4545454545454547, ""-16"": 0.04545454545454575, ""-14"": 0.7727272727272722, ""-12"": 0.31818181818181746, ""-10"": 0.6818181818181779, ""-8"": -0.9545454545454579, ""-6"": -1.1818181818181839, ""-4"": -2.954545454545454, ""-2"": -2.1818181818181848, ""0"": -2.1363636363636473, ""2"": -1.9090909090909158, ""4"": -1.7727272727272703, ""6"": -1.7272727272727217, ""8"": -1.9090909090909047, ""10"": -1.8181818181818188, ""12"": -2.7272727272727226, ""14"": -2.3181818181818192, ""16"": -1.6818181818181732, ""18"": -2.2272727272727333}"
runs/iqformer_s3,"all=W4A4,FUSION=W4A8,STEM=W4A8,HEAD=W4A8,ATTN=W4A8,FFN=W4A8,CONVENC=W4A8,LSTM=W4A8",0.6283636363636363,0.6431866625591182,-1.179545454545461,4100,1239,720,5.386071577588251e-32,0.218444,"{""-20"": 0.09318181818181819, ""-18"": 0.1009090909090909, ""-16"": 0.10272727272727272, ""-14"": 0.13636363636363635, ""-12"": 0.18136363636363637, ""-10"": 0.27545454545454545, ""-8"": 0.4113636363636364, ""-6"": 0.5854545454545454, ""-4"": 0.73, ""-2"": 0.8454545454545455, ""0"": 0.8945454545454545, ""2"": 0.9104545454545454, ""4"": 0.9104545454545454, ""6"": 0.9163636363636364, ""8"": 0.9140909090909091, ""10"": 0.9140909090909091, ""12"": 0.9113636363636364, ""14"": 0.9086363636363637, ""16"": 0.9131818181818182, ""18"": 0.9118181818181819}","{""-20"": -0.40909090909090895, ""-18"": 0.40909090909090895, ""-16"": 0.31818181818181746, ""-14"": 0.9545454545454524, ""-12"": 0.0909090909090915, ""-10"": 0.5454545454545434, ""-8"": -0.40909090909090895, ""-6"": -1.0000000000000009, ""-4"": -2.1818181818181848, ""-2"": -2.1818181818181848, ""0"": -1.9090909090909158, ""2"": -1.9545454545454644, ""4"": -1.5000000000000013, ""6"": -1.5454545454545388, ""8"": -1.8636363636363673, ""10"": -1.8181818181818188, ""12"": -2.4545454545454537, ""14"": -2.5454545454545396, ""16"": -1.8636363636363562, ""18"": -2.2727272727272707}"
runs/iqformer_s3,all=W4A8,0.6280681818181818,0.643139508764836,-1.2090909090909152,4020,1235,703,6.562556681743768e-34,0.218444,"{""-20"": 0.09363636363636364, ""-18"": 0.10045454545454545, ""-16"": 0.09954545454545455, ""-14"": 0.1359090909090909, ""-12"": 0.1809090909090909, ""-10"": 0.27545454545454545, ""-8"": 0.4068181818181818, ""-6"": 0.5836363636363636, ""-4"": 0.7318181818181818, ""-2"": 0.8463636363636363, ""0"": 0.8954545454545455, ""2"": 0.9104545454545454, ""4"": 0.9104545454545454, ""6"": 0.915, ""8"": 0.9145454545454546, ""10"": 0.9145454545454546, ""12"": 0.9118181818181819, ""14"": 0.9095454545454545, ""16"": 0.9131818181818182, ""18"": 0.9118181818181819}","{""-20"": -0.3636363636363632, ""-18"": 0.3636363636363632, ""-16"": 0.0, ""-14"": 0.9090909090909066, ""-12"": 0.04545454545454575, ""-10"": 0.5454545454545434, ""-8"": -0.8636363636363664, ""-6"": -1.1818181818181839, ""-4"": -2.0000000000000018, ""-2"": -2.090909090909099, ""0"": -1.8181818181818188, ""2"": -1.9545454545454644, ""4"": -1.5000000000000013, ""6"": -1.6818181818181732, ""8"": -1.8181818181818188, ""10"": -1.7727272727272703, ""12"": -2.409090909090905, ""14"": -2.4545454545454537, ""16"": -1.8636363636363562, ""18"": -2.2727272727272707}"
