spec,n,acc_mean,acc_std,delta_mean_pp,delta_std_pp,p_tost,equivalent
all=W4A4,3,28.615909090909092,5.088054698982187,-35.17045454545455,5.393010858110947,0.9960154743709739,False
"all=W4A4,STEM=W4A8,HEAD=W4A8",3,28.865151515151517,3.915449594033356,-34.92121212121212,4.2092291684864955,0.9975261741081911,False
"all=W4A4,FUSION=W4A8",3,34.634848484848476,2.4174323143555356,-29.151515151515156,2.7225682277623404,0.9985018483700454,False
"all=W4A4,FUSION=W4A8,STEM=W4A8,HEAD=W4A8",3,35.726515151515144,2.382704264973955,-28.059848484848487,2.1427519733472975,0.9989955491568567,False
"all=W4A4,FUSION=W4A8,STEM=W4A8,HEAD=W4A8,ATTN=W4A8",3,46.557575757575755,2.1722022156246714,-17.22878787878788,2.318928504226361,0.996827904284474,False
"all=W4A4,FUSION=W4A8,STEM=W4A8,HEAD=W4A8,ATTN=W4A8,FFN=W4A8",3,53.229545454545445,2.4605324710969234,-10.556818181818185,2.259354978164205,0.9917945539264114,False
"all=W4A4,FUSION=W4A8,STEM=W4A8,HEAD=W4A8,ATTN=W4A8,FFN=W4A8,CONVENC=W4A8",3,61.97424242424242,0.47744765913933385,-1.8121212121212167,0.32170399018394935,0.9902726558836086,False
"all=W4A4,FUSION=W4A8,STEM=W4A8,HEAD=W4A8,ATTN=W4A8,FFN=W4A8,CONVENC=W4A8,LSTM=W4A8",3,62.79924242424242,0.46532853703906585,-0.9871212121212114,0.1615129484186464,0.9826266560968605,False
all=W4A8,3,63.2,0.34078027869450883,-0.5863636363636368,0.035501134890478944,0.9740134984159265,False
