layer,group,min,max,absmax,p999,p99,max_over_p999,usable_levels_4bit
m.patch_embedIQ.0.in,STEM,-4.441539764404297,4.007884979248047,4.441539764404297,3.0325145721435547,2.247880458831787,1.4646392156542096,4.25663147876762
m.patch_embedSTFT.0.in,STEM,-2.0771684646606445,2.0471351146698,2.0771684646606445,1.3147101402282715,0.8633112907409668,1.5799440508612708,3.3491668074778147
m.fusion.Conv.0.in,FUSION,-5.508108615875244,5.810117721557617,5.810117721557617,3.143953800201416,2.2389345169067383,1.8480289758664374,3.1650676707206564
m.fusion.Conv.3.in,FUSION,-0.16997122764587402,7.205909729003906,7.205909729003906,3.1076724529266357,1.8544738292694092,2.3187481429124794,4.022784728047965
m.network.0.0.dwconv.in,CONVENC,-0.9742528200149536,0.9790723323822021,0.9790723323822021,0.9149109721183777,0.8276872634887695,1.0701285285881594,6.779719290241192
m.network.0.0.pwconv1.in,CONVENC,-3.7533111572265625,4.450478553771973,4.450478553771973,2.1291391849517822,1.4659397602081299,2.090271310220971,2.8590489261182217
m.network.0.0.pwconv2.in,CONVENC,-0.16997122764587402,3.286698818206787,3.286698818206787,0.9370802044868469,0.3874053657054901,3.5073826151376353,1.793195696744279
m.network.0.1.local_representation.dwconv.in,LOCAL,-1.9685604572296143,2.7857730388641357,2.7857730388641357,1.344691514968872,0.9569626450538635,2.071681874878658,3.220514996148662
m.network.0.1.local_representation.pwconv1.in,LOCAL,-5.108709812164307,4.973733901977539,5.108709812164307,2.3683371543884277,1.507995843887329,2.157087221596843,2.3930640414441315
m.network.0.1.local_representation.pwconv2.in,LOCAL,-0.16997122764587402,4.9221110343933105,4.9221110343933105,1.8358123302459717,0.372062623500824,2.6811624223777932,1.1690702682460659
m.network.0.1.attn.to_query.in,ATTN,-2.4526913166046143,3.3127784729003906,3.3127784729003906,1.461836338043213,0.9953077435493469,2.2661760326294904,2.762120777352436
m.network.0.1.attn.to_key.in,ATTN,-2.4526913166046143,3.3127784729003906,3.3127784729003906,1.461836338043213,0.9953077435493469,2.2661760326294904,2.762120777352436
m.network.0.1.attn.Proj.in,ATTN,-0.9223659634590149,1.2109678983688354,1.2109678983688354,0.6629869937896729,0.3734923303127289,1.8265334157565767,2.8011917834011704
m.network.0.1.attn.final.in,ATTN,-0.8620337247848511,0.9363813996315002,0.9363813996315002,0.6418945789337158,0.4061296284198761,1.4587775475327611,3.613222534939963
m.network.0.1.linear.fc1.in,FFN,-4.370418071746826,5.962061405181885,5.962061405181885,2.8709239959716797,2.1769020557403564,2.0767047172086466,3.37096560120136
m.network.0.1.linear.fc2.in,FFN,-0.16997122764587402,7.612133026123047,7.612133026123047,3.353538751602173,1.980180263519287,2.2698807408998345,4.07124900710041
m.network.1.0.dwconv.in,CONVENC,-13.814184188842773,9.522309303283691,13.814184188842773,6.793144226074219,4.474925994873047,2.033547901989126,3.068105152221159
m.network.1.0.pwconv1.in,CONVENC,-7.604457378387451,6.446595191955566,7.604457378387451,3.267754077911377,2.164858102798462,2.327120461662136,2.4651341578412302
m.network.1.0.pwconv2.in,CONVENC,-0.16997122764587402,10.866111755371094,10.866111755371094,3.0039820671081543,1.2763344049453735,3.6172358930995823,1.8504165391427068
m.network.1.1.dwconv.in,CONVENC,-13.84571647644043,12.875835418701172,13.84571647644043,6.933694839477539,4.685439109802246,1.9968742203087377,2.805489219002513
m.network.1.1.pwconv1.in,CONVENC,-10.08426284790039,11.557365417480469,11.557365417480469,3.4592628479003906,2.051945686340332,3.3409908196178977,1.517036083369189
m.network.1.1.pwconv2.in,CONVENC,-0.16997122764587402,9.31514835357666,9.31514835357666,1.830784797668457,0.7680997252464294,5.08806298011634,1.2956711297844143
m.network.1.2.local_representation.dwconv.in,LOCAL,-13.772462844848633,13.134082794189453,13.772462844848633,7.0655717849731445,4.794058799743652,1.9492354283540805,2.8507910983790135
m.network.1.2.local_representation.pwconv1.in,LOCAL,-10.020792007446289,12.201258659362793,12.201258659362793,3.753811836242676,2.3589487075805664,3.250365013387423,1.6984561815288444
m.network.1.2.local_representation.pwconv2.in,LOCAL,-0.16997122764587402,11.05278205871582,11.05278205871582,2.8970086574554443,1.3601393699645996,3.815239567983863,1.9391168427341143
m.network.1.2.attn.to_query.in,ATTN,-17.57119369506836,13.223710060119629,17.57119369506836,7.524836540222168,5.002103805541992,2.3350930749320407,2.598925508094458
m.network.1.2.attn.to_key.in,ATTN,-17.57119369506836,13.223710060119629,17.57119369506836,7.524836540222168,5.002103805541992,2.3350930749320407,2.598925508094458
m.network.1.2.attn.Proj.in,ATTN,-4.923050880432129,1.7901744842529297,4.923050880432129,1.20682954788208,0.6311581134796143,4.079325774772265,1.5042739170946313
m.network.1.2.attn.final.in,ATTN,-2.5272939205169678,2.276956558227539,2.5272939205169678,1.3167130947113037,0.9067420959472656,1.9193960557300376,3.0197995710972148
m.network.1.2.linear.fc1.in,FFN,-10.628164291381836,7.554612636566162,10.628164291381836,3.3322811126708984,2.2248573303222656,3.1894560908947813,1.9577712153769242
m.network.1.2.linear.fc2.in,FFN,-0.16997122764587402,7.547905921936035,7.547905921936035,2.8139231204986572,1.296492099761963,2.6823426222811895,2.687769343065423
m.network.2.0.dwconv.in,CONVENC,-20.94425392150879,19.094642639160156,20.94425392150879,8.307551383972168,5.625673770904541,2.521110367360077,2.2480834405134966
m.network.2.0.pwconv1.in,CONVENC,-13.483208656311035,9.30483627319336,13.483208656311035,3.8165364265441895,2.2949438095092773,3.532838980006764,1.6113317779449816
m.network.2.0.pwconv2.in,CONVENC,-0.16997122764587402,9.302523612976074,9.302523612976074,2.5240697860717773,1.1193162202835083,3.6855255208508475,1.8906380869942236
m.network.2.1.local_representation.dwconv.in,LOCAL,-20.39510726928711,18.920238494873047,20.39510726928711,8.716292381286621,5.99235200881958,2.3398833330871542,2.438682155213684
m.network.2.1.local_representation.pwconv1.in,LOCAL,-14.761924743652344,10.387550354003906,14.761924743652344,4.006555557250977,2.4843380451202393,3.6844427919978635,1.5805263755038843
m.network.2.1.local_representation.pwconv2.in,LOCAL,-0.16997122764587402,11.448723793029785,11.448723793029785,3.2962570190429688,1.5945017337799072,3.4732497274602068,2.1957739397651324
m.network.2.1.attn.to_query.in,ATTN,-21.129268646240234,23.077701568603516,23.077701568603516,9.171330451965332,6.2204389572143555,2.5162872158486205,2.2513875715013523
m.network.2.1.attn.to_key.in,ATTN,-21.129268646240234,23.077701568603516,23.077701568603516,9.171330451965332,6.2204389572143555,2.5162872158486205,2.2513875715013523
m.network.2.1.attn.Proj.in,ATTN,-1.783947229385376,1.9951746463775635,1.9951746463775635,0.9289034605026245,0.46197864413261414,2.1478815950346286,1.9559195361037616
m.network.2.1.attn.final.in,ATTN,-1.5077848434448242,1.6070852279663086,1.6070852279663086,0.9943051934242249,0.7226065993309021,1.6162896850933357,3.711777802679462
m.network.2.1.linear.fc1.in,FFN,-10.639150619506836,10.948264122009277,10.948264122009277,4.2278923988342285,2.8608384132385254,2.5895323459575463,2.1203750036722404
m.network.2.1.linear.fc2.in,FFN,-0.16997122764587402,13.234259605407715,13.234259605407715,5.493309497833252,3.2350473403930664,2.4091596533251507,3.8615238793599285
m.patch_LSTM.in_l0,LSTM,-2.2662134170532227,3.62591552734375,3.62591552734375,1.5019657611846924,1.012693166732788,2.4141133047425583,2.7499552064509185
m.patch_LSTM.in_l1,LSTM,-0.9884786009788513,0.9763585925102234,0.9884786009788513,0.7959873676300049,0.6034160852432251,1.2418269952222674,4.9137187528231125
m.patch_LSTM.h_0,LSTM,-0.9509507417678833,0.9763585925102234,0.9763585925102234,0.7654880285263062,0.5908828973770142,1.275472059817681,4.905349748421867
m.patch_LSTM.h_1,LSTM,-0.9884786009788513,0.9620742201805115,0.9884786009788513,0.7896429300308228,0.5980535745620728,1.2518045351716975,4.905715492137075
m.patch_LSTM.h_2,LSTM,-0.9742528200149536,0.9759729504585266,0.9759729504585266,0.8893164396286011,0.7951415777206421,1.0974417057511219,6.523483299290796
m.patch_LSTM.h_3,LSTM,-0.969752848148346,0.9790723323822021,0.9790723323822021,0.8999478816986084,0.8218455910682678,1.0879211477605237,6.747413564059378
m.head.in,HEAD,-7.391519069671631,5.05985164642334,7.391519069671631,4.270170211791992,3.139883518218994,1.7309659107405355,4.034747453673093
