spec,macs_a4_pct,macs_a8plus_pct,weight_kB
all=W4A4,100.0,0.0,169.89453125
"all=W4A4,STEM=W4A8,HEAD=W4A8",99.91317382082705,0.08682617917294824,169.89453125
"all=W4A4,FUSION=W4A8",99.55766165436269,0.44233834563730845,169.89453125
"all=W4A4,FUSION=W4A8,STEM=W4A8,HEAD=W4A8",99.47083547518974,0.5291645248102568,169.89453125
"all=W4A4,FUSION=W4A8,STEM=W4A8,HEAD=W4A8,ATTN=W4A8",85.31600841479587,14.683991585204128,169.89453125
"all=W4A4,FUSION=W4A8,STEM=W4A8,HEAD=W4A8,ATTN=W4A8,FFN=W4A8",57.006354294008126,42.993645705991874,169.89453125
"all=W4A4,FUSION=W4A8,STEM=W4A8,HEAD=W4A8,ATTN=W4A8,FFN=W4A8,CONVENC=W4A8",19.03897962680582,80.96102037319419,169.89453125
"all=W4A4,FUSION=W4A8,STEM=W4A8,HEAD=W4A8,ATTN=W4A8,FFN=W4A8,CONVENC=W4A8,LSTM=W4A8",7.2432904098109265,92.75670959018908,169.89453125
all=W4A8,0.0,100.0,169.89453125
