spec,models,acc_mean,acc_sd_models,change_pp,worst_range_pp
all=W4A4,3,27.8583,4.7668,-35.928,3.3636
"all=W4A4,STEM=W4A8,HEAD=W4A8",3,27.9952,3.4437,-35.7912,3.5682
"all=W4A4,FUSION=W4A8",3,34.4573,2.2264,-29.329,8.2091
"all=W4A4,FUSION=W4A8,STEM=W4A8,HEAD=W4A8",3,34.6545,2.6998,-29.1318,3.6659
"all=W4A4,FUSION=W4A8,STEM=W4A8,HEAD=W4A8,ATTN=W4A8",3,45.3854,3.2797,-18.401,5.7409
"all=W4A4,FUSION=W4A8,STEM=W4A8,HEAD=W4A8,ATTN=W4A8,FFN=W4A8",3,52.5826,2.7646,-11.2038,5.0773
"all=W4A4,FUSION=W4A8,STEM=W4A8,HEAD=W4A8,ATTN=W4A8,FFN=W4A8,CONVENC=W4A8",3,61.4929,0.7244,-2.2934,2.7409
"all=W4A4,FUSION=W4A8,STEM=W4A8,HEAD=W4A8,ATTN=W4A8,FFN=W4A8,CONVENC=W4A8,LSTM=W4A8",3,62.7944,0.46,-0.9919,0.1705
all=W4A8,3,63.223,0.3569,-0.5634,0.1
