spec,run,0,1,2,mean,range_pp,fp32,change_pp
all=W4A4,runs/iqformer_s1,58.9409,58.6864,58.3955,58.6742,0.5455,63.4386,-4.7644
all=W4A4,runs/iqformer_s2,58.0386,57.9386,58.3864,58.1212,0.4477,63.9045,-5.7833
all=W4A4,runs/iqformer_s3,60.025,60.0341,59.9955,60.0182,0.0386,64.0159,-3.9977
"all=W4A4,STEM=W4A8,HEAD=W4A8",runs/iqformer_s1,59.5705,59.2636,58.9318,59.2553,0.6386,63.4386,-4.1833
"all=W4A4,STEM=W4A8,HEAD=W4A8",runs/iqformer_s2,59.4091,59.2023,59.5318,59.3811,0.3295,63.9045,-4.5235
"all=W4A4,STEM=W4A8,HEAD=W4A8",runs/iqformer_s3,61.6227,61.4568,61.4364,61.5053,0.1864,64.0159,-2.5106
"all=W4A4,FUSION=W4A8",runs/iqformer_s1,59.4591,59.4886,59.2227,59.3902,0.2659,63.4386,-4.0485
"all=W4A4,FUSION=W4A8",runs/iqformer_s2,59.1614,58.9386,59.2659,59.122,0.3273,63.9045,-4.7826
"all=W4A4,FUSION=W4A8",runs/iqformer_s3,59.5068,59.4318,59.4977,59.4788,0.075,64.0159,-4.5371
"all=W4A4,FUSION=W4A8,STEM=W4A8,HEAD=W4A8",runs/iqformer_s1,60.6909,60.4682,60.0864,60.4152,0.6045,63.4386,-3.0235
"all=W4A4,FUSION=W4A8,STEM=W4A8,HEAD=W4A8",runs/iqformer_s2,60.1591,60.0977,60.1864,60.1477,0.0886,63.9045,-3.7568
"all=W4A4,FUSION=W4A8,STEM=W4A8,HEAD=W4A8",runs/iqformer_s3,61.4045,61.3364,61.3568,61.3659,0.0682,64.0159,-2.65
"all=W4A4,FUSION=W4A8,STEM=W4A8,HEAD=W4A8,ATTN=W4A8",runs/iqformer_s1,61.2364,60.8091,60.7773,60.9409,0.4591,63.4386,-2.4977
"all=W4A4,FUSION=W4A8,STEM=W4A8,HEAD=W4A8,ATTN=W4A8",runs/iqformer_s2,60.6909,60.7636,60.7795,60.7447,0.0886,63.9045,-3.1598
"all=W4A4,FUSION=W4A8,STEM=W4A8,HEAD=W4A8,ATTN=W4A8",runs/iqformer_s3,61.8455,61.7795,61.9,61.8417,0.1205,64.0159,-2.1742
"all=W4A4,FUSION=W4A8,STEM=W4A8,HEAD=W4A8,ATTN=W4A8,FFN=W4A8",runs/iqformer_s1,62.5205,62.5,62.3909,62.4705,0.1295,63.4386,-0.9682
"all=W4A4,FUSION=W4A8,STEM=W4A8,HEAD=W4A8,ATTN=W4A8,FFN=W4A8",runs/iqformer_s2,62.65,62.6523,62.7068,62.6697,0.0568,63.9045,-1.2348
"all=W4A4,FUSION=W4A8,STEM=W4A8,HEAD=W4A8,ATTN=W4A8,FFN=W4A8",runs/iqformer_s3,62.9409,62.8818,62.9068,62.9098,0.0591,64.0159,-1.1061
"all=W4A4,FUSION=W4A8,STEM=W4A8,HEAD=W4A8,ATTN=W4A8,FFN=W4A8,CONVENC=W4A8",runs/iqformer_s1,62.6614,62.7432,62.6727,62.6924,0.0818,63.4386,-0.7462
"all=W4A4,FUSION=W4A8,STEM=W4A8,HEAD=W4A8,ATTN=W4A8,FFN=W4A8,CONVENC=W4A8",runs/iqformer_s2,63.1659,63.1136,63.0909,63.1235,0.075,63.9045,-0.7811
"all=W4A4,FUSION=W4A8,STEM=W4A8,HEAD=W4A8,ATTN=W4A8,FFN=W4A8,CONVENC=W4A8",runs/iqformer_s3,63.2955,63.225,63.2977,63.2727,0.0727,64.0159,-0.7432
"all=W4A4,FUSION=W4A8,STEM=W4A8,HEAD=W4A8,ATTN=W4A8,FFN=W4A8,CONVENC=W4A8,LSTM=W4A8",runs/iqformer_s1,62.7636,62.8182,62.7727,62.7848,0.0545,63.4386,-0.6538
"all=W4A4,FUSION=W4A8,STEM=W4A8,HEAD=W4A8,ATTN=W4A8,FFN=W4A8,CONVENC=W4A8,LSTM=W4A8",runs/iqformer_s2,63.2068,63.3091,63.2568,63.2576,0.1023,63.9045,-0.647
"all=W4A4,FUSION=W4A8,STEM=W4A8,HEAD=W4A8,ATTN=W4A8,FFN=W4A8,CONVENC=W4A8,LSTM=W4A8",runs/iqformer_s3,63.3295,63.3841,63.425,63.3795,0.0955,64.0159,-0.6364
all=W4A8,runs/iqformer_s1,62.8114,62.8523,62.7886,62.8174,0.0636,63.4386,-0.6212
all=W4A8,runs/iqformer_s2,63.3409,63.3886,63.3568,63.3621,0.0477,63.9045,-0.5424
all=W4A8,runs/iqformer_s3,63.4477,63.4727,63.5477,63.4894,0.1,64.0159,-0.5265
