epoch,val_acc,lr,sec
0,0.6316590905189514,9.890738003669029e-05,325.8
1,0.6309090852737427,9.567727288213005e-05,321.1
2,0.6330227255821228,9.045084971874738e-05,320.9
3,0.6331591010093689,8.345653031794292e-05,320.7
4,0.6346591114997864,7.500000000000001e-05,320.6
5,0.634181797504425,6.545084971874738e-05,323.0
6,0.6340454816818237,5.522642316338268e-05,335.7
7,0.6340909004211426,4.477357683661734e-05,351.9
8,0.6327727437019348,3.4549150281252636e-05,325.2
9,0.6353409290313721,2.500000000000001e-05,322.5
10,0.6336363554000854,1.654346968205709e-05,320.9
11,0.6343181729316711,9.549150281252633e-06,322.7
12,0.6348636150360107,4.322727117869951e-06,320.7
13,0.6340227127075195,1.0926199633097157e-06,321.8
14,0.6348409056663513,0.0,414.2
