epoch,train_loss,train_acc,val_loss,val_acc,lr,sec
0,1.4940642992944428,0.4273409090909091,1.719296440818093,0.41252272727272726,0.001,28.4
1,1.286102677374175,0.5073484848484848,1.3005880077535457,0.516159090909091,0.001,27.3
2,1.226988553654064,0.5390530303030303,1.219363663933494,0.5479545454545455,0.001,27.2
3,1.1984230746933908,0.5572803030303031,1.2151548634442415,0.5545681818181818,0.001,27.2
4,1.178186997500333,0.5703939393939393,1.198878020806746,0.5562045454545455,0.001,27.2
5,1.1604469692634813,0.5785151515151515,1.1656530221592296,0.572,0.001,27.7
6,1.1440014491803718,0.5849848484848484,1.1463006229400634,0.5829772727272727,0.001,26.8
7,1.1359517562750614,0.5878409090909091,1.1450700891668146,0.5818636363636364,0.001,27.3
8,1.1215239923072584,0.5956893939393939,1.1110478404651989,0.6006590909090909,0.001,27.2
9,1.1122634549285426,0.5979242424242425,1.0968328709168869,0.6016136363636364,0.001,27.3
10,1.1034916817925193,0.6023484848484848,1.102691347729076,0.6018181818181818,0.001,27.3
11,1.0957317829999056,0.6047045454545454,1.084812179738825,0.60875,0.001,27.2
12,1.0882892157236734,0.6091742424242425,1.0821443371339279,0.610909090909091,0.001,27.2
13,1.08601599779996,0.6086666666666667,1.0852644299593839,0.6100681818181818,0.001,27.1
14,1.0793650726405057,0.6113030303030303,1.0741292038830843,0.6134318181818181,0.001,27.3
15,1.0754005749731352,0.6133863636363637,1.0742011896480212,0.6148863636363636,0.001,27.2
16,1.0694324267849777,0.6149924242424243,1.0795005253878507,0.6149318181818182,0.001,28.5
17,1.068186423590689,0.6158257575757575,1.0744398082386364,0.6112045454545455,0.001,27.9
18,1.0669048798878988,0.6169772727272728,1.0837320825403387,0.6061818181818182,0.0005,27.2
19,1.0500215683127894,0.6226818181818182,1.0483868416005915,0.6235454545454545,0.0005,27.1
20,1.0487808617100571,0.6235075757575758,1.0478270963322032,0.6236363636363637,0.0005,27.2
21,1.0468992849696765,0.6249545454545454,1.0468977608247236,0.6251136363636364,0.0005,27.1
22,1.0458916263869313,0.6246287878787878,1.0523466451818293,0.6226136363636363,0.0005,27.0
23,1.0445015707449479,0.6249469696969697,1.0449409503936768,0.626,0.0005,27.2
24,1.0430751020258122,0.6255378787878788,1.0471263927112926,0.6236818181818182,0.0005,27.0
25,1.0404908229943477,0.6265378787878788,1.0398794706518,0.6274090909090909,0.0005,27.1
26,1.0393805672905663,0.6274772727272727,1.0396340916373512,0.6276136363636363,0.0005,27.1
27,1.0397195983655525,0.6267348484848485,1.045540845264088,0.6257272727272727,0.0005,27.1
28,1.0381786071459451,0.6271590909090909,1.0421218119534579,0.6253863636363637,0.0005,27.1
29,1.0365684316519534,0.6283712121212122,1.0482875996502963,0.6238636363636364,0.0005,27.1
30,1.0360278576070612,0.6278636363636364,1.0452345895767212,0.6235454545454545,0.00025,27.1
31,1.028582106445775,0.6317651515151516,1.0325890656384555,0.6294090909090909,0.00025,27.0
32,1.0266207002003989,0.6321212121212121,1.0375524440245194,0.6274090909090909,0.00025,27.3
33,1.0256027434955943,0.6324090909090909,1.0327411492954601,0.6282272727272727,0.00025,28.1
34,1.0239312176270918,0.6330681818181818,1.0357026311700994,0.6282727272727273,0.00025,28.4
35,1.0244817977385088,0.6327878787878788,1.0356544188586148,0.6284772727272727,0.000125,27.2
36,1.0194771029443452,0.6348257575757575,1.0324709968566894,0.6295909090909091,0.000125,27.2
37,1.018935446508003,0.6348636363636364,1.0314668644124811,0.6298636363636364,0.000125,27.1
38,1.017667537024527,0.6357045454545455,1.0297972467595882,0.6311818181818182,0.000125,27.1
39,1.0167764040340077,0.6362878787878787,1.030093516956676,0.6310227272727272,0.000125,27.1
40,1.0179622230529786,0.6361515151515151,1.0307095591805198,0.6306136363636363,0.000125,27.2
41,1.0161662385824954,0.6357954545454545,1.030938760323958,0.6309772727272728,0.000125,27.3
42,1.0165219818173032,0.6355,1.0309068240252408,0.6299772727272728,6.25e-05,27.2
43,1.0136189700617935,0.6370303030303031,1.032490742856806,0.6296136363636363,6.25e-05,27.7
44,1.0134971476468173,0.6371666666666667,1.0300116637836803,0.6312272727272727,6.25e-05,27.0
45,1.012588911677852,0.6379545454545454,1.028587166005915,0.6314090909090909,6.25e-05,27.0
46,1.0125709559122722,0.6376515151515152,1.029116585298018,0.6317272727272727,6.25e-05,27.2
47,1.0119714654864687,0.637469696969697,1.029452465577559,0.6306590909090909,6.25e-05,27.0
48,1.0115838645588269,0.6377727272727273,1.0299008488221602,0.6317727272727273,6.25e-05,27.2
49,1.012494556094661,0.6374545454545455,1.028997911453247,0.6316363636363637,5e-05,27.2
50,1.011024219570738,0.6385227272727273,1.0291788580634378,0.6317272727272727,5e-05,129.6
51,1.011030492695895,0.6382878787878787,1.0289369890906594,0.6310681818181818,5e-05,-75.4
52,1.0102125278819691,0.6390227272727272,1.029591402834112,0.6311363636363636,5e-05,27.4
53,1.0117618324684374,0.6376666666666667,1.0298590217070147,0.6318409090909091,5e-05,27.3
54,1.010159359960845,0.6383030303030303,1.0291232086528432,0.6314545454545455,5e-05,27.3
55,1.0102853129704794,0.6379242424242424,1.030530917601152,0.6308863636363636,5e-05,27.2
56,1.0094407436630943,0.6384318181818182,1.0293134869662197,0.6313636363636363,5e-05,27.5
57,1.0096982889175414,0.6385909090909091,1.0296065448414196,0.6318636363636364,5e-05,27.2
58,1.0090007207176903,0.6382045454545454,1.0288859783519397,0.6319772727272728,5e-05,27.2
59,1.0086511648640488,0.638780303030303,1.0293794501044533,0.6312727272727273,5e-05,27.3
